FIPS,2017 kals,2018 kals,2019 kals,2020 kals
01001,76.42,78.67,74.51,69.87
01003,35.22,34.9,35.88,37.12
01005,90.0,89.73,84.34,78.77
01007,52.46,59.33,65.23,70.77
01009,41.45,38.53,40.21,41.89
01011,54.24,42.44,32.02,21.21
01013,73.94,69.64,62.18,54.01
01015,85.16,85.19,84.73,84.56
01017,64.82,61.7,66.45,71.41
01019,85.77,82.93,72.86,63.11
01021,66.03,68.46,74.88,81.02
01023,98.65,99.22,98.45,97.79
01025,59.2,63.43,69.6,75.98
01027,53.69,48.98,61.07,73.21
01029,91.44,91.29,89.58,88.1
01031,70.39,68.86,67.95,66.69
01033,78.03,75.19,71.35,67.47
01035,90.8,92.08,92.32,92.43
01037,91.79,92.15,93.53,94.84
01039,86.79,86.09,84.86,82.86
01041,83.36,85.88,87.63,88.74
01043,60.17,65.67,70.36,74.56
01045,87.6,87.59,87.03,85.97
01047,70.1,69.37,69.66,68.81
01049,50.05,49.95,40.85,32.05
01051,68.62,69.76,62.23,54.29
01053,80.09,77.12,76.23,75.13
01055,81.17,80.52,75.25,70.18
01057,98.2,97.57,97.04,96.06
01059,63.48,52.33,40.9,29.0
01061,89.78,88.88,91.28,93.04
01063,97.48,97.01,93.95,90.6
01065,87.7,87.14,90.35,93.43
01067,78.29,76.28,75.0,73.58
01069,68.93,68.68,64.06,59.32
01071,72.64,75.6,77.96,81.21
01073,48.22,49.6,49.61,49.65
01075,94.82,94.67,94.54,94.0
01077,47.34,43.25,41.05,38.77
01079,84.86,84.35,87.07,89.74
01081,23.75,26.34,26.69,27.41
01083,52.43,56.28,53.89,51.15
01085,95.46,96.39,96.79,96.47
01087,66.16,65.15,65.34,65.56
01089,25.72,26.36,25.52,24.57
01091,95.96,96.73,96.75,96.22
01093,97.23,96.81,96.47,95.7
01095,56.29,51.28,43.39,35.3
01097,41.77,36.18,33.63,31.16
01099,31.2,32.87,38.92,44.83
01101,57.48,57.0,56.07,54.93
01103,63.85,62.46,61.44,60.45
01105,97.38,97.26,96.17,94.7
01107,96.48,95.49,95.9,96.58
01109,61.78,63.38,60.01,56.34
01111,45.89,39.84,49.57,59.33
01113,71.9,73.45,78.22,83.68
01115,62.16,59.41,56.47,53.69
01117,14.02,13.7,15.72,17.32
01119,86.16,88.92,88.91,88.53
01121,77.67,78.42,82.45,86.77
01123,74.44,76.82,79.91,83.12
01125,18.8,18.76,21.36,23.82
01127,96.24,95.59,95.67,95.62
01129,95.78,95.93,85.31,75.4
01131,74.04,73.78,73.78,73.11
01133,97.32,96.83,94.83,92.41
02013,1.78,2.16,5.93,9.29
02016,1.29,1.22,1.36,0.9
02020,11.44,12.63,12.96,11.24
02050,8.24,9.35,11.63,11.77
02060,31.3,37.67,45.15,51.25
02063,0.0,0.05,-0.02,-1.74
02066,0.0,0.32,0.29,-1.63
02068,18.16,31.28,43.73,54.15
02070,22.52,21.96,20.27,16.87
02090,11.38,14.08,13.41,12.08
02100,34.64,17.01,43.2,68.89
02105,52.82,50.26,58.27,65.2
02110,11.58,16.31,17.36,17.29
02122,39.26,41.41,44.72,46.13
02130,38.32,41.75,42.07,40.71
02150,21.0,24.19,14.85,5.69
02158,0.0,-0.04,0.01,-2.4
02164,23.78,33.68,43.37,51.65
02170,23.48,27.1,31.33,33.55
02180,8.8,6.54,5.02,0.89
02185,6.0,6.94,8.02,7.14
02188,7.64,6.9,5.53,2.22
02195,53.86,72.38,79.36,85.93
02198,76.26,87.32,89.91,91.04
02220,20.47,20.26,22.73,24.13
02230,7.42,9.38,27.58,45.18
02240,53.17,63.85,71.39,78.41
02275,72.6,71.67,65.54,58.89
02282,2.28,2.41,2.32,1.56
02290,50.04,44.88,49.17,50.72
04001,42.79,42.85,40.78,37.45
04003,64.3,64.44,65.76,66.43
04005,16.57,17.42,20.67,22.06
04007,90.79,90.72,88.95,86.18
04009,28.01,26.14,29.3,32.41
04011,27.11,25.77,23.17,20.28
04012,90.78,91.54,94.5,95.79
04013,12.04,12.6,13.35,12.71
04015,90.46,91.46,91.25,88.94
04017,70.25,69.86,72.64,75.27
04019,45.12,47.12,47.14,46.37
04021,42.55,46.7,50.64,53.35
04023,19.16,21.17,27.72,32.48
04025,73.66,72.91,72.54,70.58
04027,17.27,18.36,20.27,18.81
05001,94.82,95.66,92.69,88.2
05003,92.49,92.45,91.93,91.81
05005,88.28,87.28,90.24,91.75
05007,4.56,4.66,4.57,2.57
05009,80.28,76.83,79.5,80.33
05011,90.98,88.19,86.88,85.54
05013,97.79,96.07,94.14,91.73
05015,59.14,53.52,47.27,39.26
05017,96.08,96.27,96.7,97.03
05019,79.21,80.53,85.58,89.75
05021,94.46,94.26,92.83,90.2
05023,70.96,69.6,75.11,79.99
05025,88.28,84.69,82.88,80.99
05027,74.42,73.62,74.77,75.71
05029,90.3,93.77,95.09,95.09
05031,67.88,67.09,70.44,72.08
05033,79.53,82.71,81.84,79.11
05035,65.79,63.53,62.25,59.54
05037,86.38,82.48,77.62,71.34
05039,95.11,93.45,94.43,95.06
05041,85.58,85.62,78.85,70.96
05043,87.06,84.43,81.43,78.13
05045,32.86,40.19,41.49,41.57
05047,84.24,86.56,90.02,92.17
05049,96.32,95.77,94.62,92.38
05051,81.36,84.1,85.94,86.71
05053,73.33,79.66,77.4,74.47
05055,89.26,91.99,90.95,88.59
05057,76.54,71.2,73.93,75.43
05059,95.21,95.25,94.67,93.17
05061,70.16,72.93,74.01,73.59
05063,77.92,80.75,79.64,77.2
05065,94.0,95.63,96.85,97.02
05067,90.91,90.76,91.32,90.73
05069,74.99,71.65,71.8,71.47
05071,74.01,82.19,84.44,85.91
05073,93.73,92.25,93.73,94.67
05075,92.87,94.51,94.47,93.21
05077,96.79,94.64,94.37,92.84
05079,92.82,93.41,86.64,78.83
05081,87.32,88.37,85.1,79.8
05083,87.47,87.39,89.74,90.66
05085,35.54,34.09,39.41,43.59
05087,74.39,77.31,82.14,85.37
05089,94.12,92.56,95.16,96.16
05091,73.97,77.21,77.09,75.52
05093,82.98,80.7,77.5,73.32
05095,94.95,94.12,94.97,94.36
05097,98.58,98.41,98.07,96.65
05099,92.9,90.65,92.36,93.4
05101,91.57,91.94,93.05,93.21
05103,80.03,78.41,85.58,92.7
05105,93.34,95.58,94.48,92.27
05107,92.63,91.99,92.98,92.8
05109,98.76,99.03,98.32,96.52
05111,91.64,89.6,89.33,87.56
05113,93.87,92.54,91.72,89.36
05115,55.9,60.47,63.38,65.35
05117,89.82,87.57,89.54,90.05
05119,42.63,48.95,50.14,49.99
05121,87.56,88.85,90.12,90.17
05123,80.19,77.13,77.88,77.29
05125,62.2,63.4,61.47,58.28
05127,82.08,89.01,91.22,91.43
05129,92.22,92.31,93.06,92.97
05131,74.68,76.59,78.54,78.78
05133,29.05,32.62,35.42,36.5
05135,95.01,98.06,98.27,97.3
05137,92.9,91.42,93.39,94.44
05139,69.18,63.23,61.58,59.15
05141,93.19,94.77,96.61,97.27
05143,8.52,8.3,9.54,9.16
05145,56.29,56.05,61.43,65.86
05147,96.08,95.39,90.63,84.62
05149,85.04,86.43,77.92,68.64
06001,4.79,4.27,3.96,1.73
06003,89.92,85.63,70.35,52.94
06005,75.91,74.64,72.16,67.2
06007,64.82,63.31,62.48,59.4
06009,85.98,87.46,85.73,81.57
06011,21.92,20.41,23.38,24.16
06013,12.86,13.01,12.79,10.11
06015,89.24,86.33,80.79,72.63
06017,28.46,28.09,26.77,23.44
06019,24.22,25.78,25.56,22.97
06021,65.27,62.05,54.81,45.46
06023,60.58,57.59,58.77,57.87
06025,39.48,39.86,37.43,31.22
06027,34.34,36.2,41.37,44.54
06029,12.86,13.06,13.5,12.34
06031,18.67,20.9,19.31,16.05
06033,86.1,83.15,83.29,81.14
06035,68.34,61.54,59.98,56.75
06037,6.16,5.97,6.37,5.27
06039,25.77,26.86,27.84,26.45
06041,3.26,2.95,2.95,0.58
06043,71.74,73.05,75.09,74.39
06045,62.62,61.52,64.5,65.34
06047,40.14,32.23,29.2,23.77
06049,76.7,71.16,64.44,55.02
06051,0.48,0.22,-0.03,-2.27
06053,3.52,3.15,3.25,0.66
06055,15.22,16.67,17.79,16.55
06057,44.34,43.4,39.98,34.59
06059,2.41,2.36,2.8,1.69
06061,11.33,9.93,9.23,6.14
06063,79.34,73.06,68.58,62.29
06065,14.47,14.44,14.88,13.42
06067,21.74,19.52,18.74,15.5
06069,4.42,4.12,5.63,3.63
06071,11.64,11.24,12.52,12.05
06073,6.0,5.6,5.96,4.46
06075,9.22,8.3,7.67,4.87
06077,20.72,21.06,20.9,18.44
06079,13.91,15.06,15.46,13.9
06081,2.14,2.17,2.02,-0.05
06083,5.81,5.92,6.37,5.21
06085,1.45,1.56,1.68,-0.29
06087,9.62,11.93,13.37,12.42
06089,70.96,68.97,69.19,67.61
06091,50.88,30.32,40.36,48.93
06093,81.98,79.7,77.01,72.32
06095,20.46,21.1,20.39,17.16
06097,18.85,19.15,18.01,14.48
06099,28.75,27.09,26.28,23.18
06101,32.24,32.18,28.09,22.44
06103,82.49,82.39,79.73,75.51
06105,91.39,88.33,79.41,67.89
06107,19.73,19.53,17.83,14.35
06109,80.23,77.95,79.21,78.29
06111,10.49,11.14,11.37,10.41
06113,5.56,4.18,5.38,4.23
06115,58.63,54.73,50.79,44.85
08001,9.38,9.0,9.68,8.11
08003,75.54,74.29,71.08,65.59
08005,3.58,3.33,3.97,2.26
08007,43.57,40.93,43.47,44.26
08009,91.55,88.34,83.05,75.1
08011,98.04,96.69,92.6,86.51
08013,1.91,1.66,1.85,0.3
08014,2.04,1.82,1.87,-0.18
08015,58.38,62.32,53.66,43.3
08017,33.78,26.34,21.39,14.35
08019,5.2,5.47,13.15,18.88
08021,85.53,82.29,83.06,81.44
08023,99.36,98.89,97.71,94.1
08025,91.2,89.06,90.91,90.83
08027,71.74,73.43,68.84,62.07
08029,76.33,76.38,74.55,70.89
08031,5.0,5.19,5.58,3.57
08033,91.26,91.42,80.66,68.13
08035,0.35,0.36,0.56,-1.32
08037,0.02,0.19,0.49,-0.43
08039,8.8,6.54,5.6,2.31
08041,19.55,20.92,20.86,18.75
08043,77.24,76.96,71.11,63.28
08045,2.1,1.85,2.36,0.94
08047,2.9,2.71,3.99,3.16
08049,0.08,0.08,0.62,0.04
08051,1.16,1.63,0.87,-2.03
08053,92.14,94.49,90.15,83.71
08055,95.38,95.18,93.17,88.83
08057,0.98,0.52,11.26,20.84
08059,5.81,5.98,7.2,6.03
08061,53.74,42.08,30.91,17.49
08063,48.18,37.16,41.93,44.61
08065,11.89,16.92,24.07,29.74
08067,2.97,3.15,3.18,1.52
08069,5.65,5.65,6.54,5.67
08071,83.8,88.31,90.27,89.86
08073,64.57,52.9,56.1,56.74
08075,38.11,34.11,39.91,44.28
08077,40.28,41.36,43.04,42.79
08079,76.13,67.65,42.15,14.85
08081,11.38,14.64,24.01,31.55
08083,59.23,64.82,64.46,62.51
08085,63.08,63.13,52.96,40.81
08087,16.27,15.81,13.29,8.92
08089,85.06,85.9,85.01,82.56
08091,17.16,25.43,20.02,12.6
08093,12.46,15.63,16.2,15.08
08095,21.74,17.23,14.03,8.95
08097,0.08,0.25,0.66,-1.03
08099,75.24,71.19,68.06,62.51
08101,75.95,77.73,76.49,73.82
08103,7.68,8.93,19.79,28.48
08105,64.01,72.84,76.99,79.2
08107,0.19,0.22,1.41,0.78
08109,64.04,66.43,56.41,44.11
08111,26.02,30.13,17.57,3.24
08113,2.42,1.82,-1.13,-6.27
08115,51.88,61.84,60.42,57.41
08117,0.35,0.73,1.18,0.33
08119,37.6,40.53,39.87,37.65
08121,25.22,17.57,15.42,11.84
08123,7.31,7.0,8.54,8.24
08125,19.06,17.41,11.98,4.68
09001,3.71,3.82,4.65,6.03
09003,17.48,17.27,18.0,19.96
09005,10.46,11.5,15.93,21.39
09007,9.35,10.14,10.79,12.05
09009,14.76,14.63,14.85,16.12
09011,24.9,24.93,23.25,21.7
09013,6.54,6.96,6.92,7.6
09015,32.68,32.29,33.19,35.04
10001,38.42,40.03,46.38,53.63
10003,12.6,11.98,14.53,18.32
10005,36.69,36.49,36.29,37.01
11001,15.76,16.7,16.0,17.13
12001,9.88,9.95,10.66,11.68
12003,60.58,65.32,61.16,57.65
12005,75.72,79.45,80.44,81.48
12007,81.46,82.34,75.06,68.47
12009,48.14,50.7,53.17,54.76
12011,12.94,11.91,11.68,11.42
12013,91.96,90.84,92.32,93.65
12015,88.25,89.13,91.18,94.1
12017,87.92,87.97,88.5,88.45
12019,29.68,30.9,29.74,29.13
12021,14.98,14.14,15.29,16.09
12023,78.0,80.09,83.11,87.25
12027,39.68,36.81,44.56,52.37
12029,96.54,95.86,96.54,96.69
12031,30.76,30.52,28.19,26.05
12033,45.35,45.61,48.93,52.68
12035,57.26,55.66,49.15,43.43
12037,90.56,89.74,88.25,86.74
12039,79.12,82.39,80.48,77.95
12041,86.06,86.15,87.32,88.45
12043,88.82,84.3,76.34,67.83
12045,76.62,75.61,82.18,88.62
12047,93.06,92.33,87.42,83.44
12049,9.06,7.36,11.04,14.14
12051,31.34,24.37,19.47,14.05
12053,78.1,77.9,79.19,79.89
12055,78.96,83.07,85.78,87.85
12057,16.12,15.19,16.09,16.61
12059,93.6,94.55,93.72,92.19
12061,61.65,60.15,59.51,58.77
12063,84.16,81.59,81.69,81.65
12065,65.54,59.19,62.09,64.86
12067,70.58,66.11,65.08,63.79
12069,56.84,57.78,59.85,61.39
12071,33.5,31.06,32.0,33.21
12073,13.07,14.21,14.12,14.17
12075,84.88,82.61,83.08,82.9
12077,91.37,95.13,95.89,96.09
12079,83.91,78.61,67.56,56.63
12081,36.2,36.07,39.41,42.25
12083,71.6,71.26,68.49,65.62
12085,47.72,47.26,45.7,43.88
12086,7.64,6.82,7.1,7.1
12087,16.34,12.59,10.09,7.85
12089,56.63,56.0,59.74,64.01
12091,41.18,46.27,47.67,48.9
12093,46.21,46.9,53.03,59.25
12095,10.12,10.93,11.93,12.2
12097,40.45,40.07,40.56,39.98
12099,19.8,20.21,20.36,21.07
12101,59.35,57.27,57.86,57.69
12103,47.22,47.76,50.27,52.01
12105,49.55,49.1,48.52,47.55
12107,67.08,69.91,67.92,66.64
12109,14.58,13.81,13.34,13.18
12111,51.64,51.96,51.71,51.7
12113,52.89,54.61,55.24,55.94
12115,52.12,50.42,49.61,48.8
12117,8.52,8.37,9.28,9.43
12119,82.81,81.34,80.32,79.13
12121,77.8,79.44,82.52,86.14
12123,90.68,91.48,91.55,91.27
12125,47.72,49.25,47.46,46.54
12127,60.84,63.12,64.69,65.97
12129,55.89,56.81,45.31,33.84
12131,59.88,60.26,60.95,61.01
12133,82.56,81.32,82.22,82.7
13001,78.1,77.88,64.82,52.96
13003,45.78,45.46,44.8,45.78
13005,78.35,78.72,76.47,75.17
13007,86.8,88.92,86.61,84.35
13009,45.8,52.29,55.76,59.64
13011,57.83,57.48,64.62,72.4
13013,28.54,26.32,27.45,28.94
13015,40.91,38.1,33.13,28.91
13017,70.4,57.8,39.19,21.57
13019,83.4,81.43,73.5,66.32
13021,48.7,50.99,52.73,55.15
13023,68.51,63.2,67.2,72.0
13025,92.8,89.4,77.35,66.45
13027,76.47,67.75,56.35,45.47
13029,14.5,18.72,18.26,18.52
13031,25.57,27.66,27.44,27.95
13033,49.58,40.7,34.44,28.54
13035,50.48,52.48,52.87,54.07
13037,64.37,61.13,63.64,66.21
13039,20.17,19.98,20.21,21.58
13043,71.79,71.77,72.2,73.34
13045,47.69,43.42,42.66,42.17
13047,42.31,42.27,50.51,59.85
13049,62.68,79.26,85.23,91.85
13051,29.76,34.42,38.51,43.52
13053,31.12,14.95,17.39,20.51
13055,70.9,70.37,70.32,71.32
13057,5.27,5.74,7.54,9.81
13059,9.75,11.1,14.68,19.04
13061,80.21,83.32,87.08,90.63
13063,10.55,10.02,10.66,11.99
13065,63.74,51.04,51.93,54.74
13067,2.29,2.05,2.94,4.08
13069,73.02,75.44,72.29,70.39
13071,42.64,39.03,40.87,43.14
13073,13.38,14.31,17.48,20.92
13075,68.29,69.5,62.25,55.71
13077,10.22,9.66,11.42,13.55
13079,62.46,65.98,75.39,86.09
13081,72.81,69.96,71.8,75.21
13083,61.84,64.61,66.0,68.27
13085,33.1,41.17,41.6,42.74
13087,63.02,63.98,58.87,53.7
13089,7.8,7.97,9.0,10.49
13091,79.28,76.28,78.38,81.54
13093,76.63,84.03,77.26,72.57
13095,48.14,50.2,54.02,58.44
13097,17.8,16.35,16.34,16.38
13099,45.74,41.85,46.58,51.32
13101,38.92,42.35,34.47,27.58
13103,24.6,23.22,17.89,13.61
13105,78.88,82.22,83.29,85.51
13107,74.68,75.88,77.41,79.51
13109,57.83,60.48,48.42,36.67
13111,92.12,94.94,95.6,97.66
13113,4.7,4.72,7.6,11.26
13115,50.46,48.11,49.07,50.76
13117,0.93,1.33,1.29,2.11
13119,86.17,82.12,80.24,79.08
13121,6.68,6.87,7.11,7.77
13123,80.47,82.18,83.05,84.93
13125,28.48,31.1,35.71,41.18
13127,51.13,51.64,47.21,44.14
13129,75.56,75.3,64.2,54.61
13131,85.16,85.39,84.59,84.4
13133,46.86,45.59,42.01,39.15
13135,0.65,0.51,0.89,1.69
13137,56.96,58.7,60.11,62.02
13139,12.27,12.18,13.65,16.04
13141,43.78,53.12,55.67,59.31
13143,73.3,72.18,69.11,66.58
13145,68.69,70.8,65.97,62.13
13147,77.25,81.78,83.68,86.54
13149,81.78,79.62,87.1,94.85
13151,9.8,8.78,7.38,6.81
13153,25.77,28.1,25.66,24.26
13155,89.89,83.84,62.38,41.74
13157,32.14,31.04,33.56,36.69
13159,65.0,66.96,70.46,74.53
13161,63.84,60.32,63.35,67.03
13163,56.34,50.36,50.46,51.15
13165,52.94,41.91,44.78,48.73
13167,70.62,71.22,76.25,81.82
13169,42.3,43.63,39.49,35.94
13171,46.54,40.26,53.7,68.01
13173,74.88,70.23,57.74,46.01
13175,25.95,28.57,33.38,39.14
13177,7.77,8.43,12.35,17.19
13179,27.6,30.72,34.48,38.86
13181,68.98,72.36,73.94,76.22
13183,60.68,63.86,69.67,76.43
13185,21.84,17.39,13.1,9.56
13187,50.48,53.42,42.75,32.69
13189,39.19,35.34,32.39,30.23
13191,94.12,90.84,87.87,86.14
13193,73.53,67.09,69.16,73.19
13195,71.6,71.01,70.34,70.3
13197,58.23,44.09,48.42,54.01
13199,86.48,86.75,87.57,89.7
13201,35.51,27.91,28.86,29.99
13205,73.45,68.81,68.65,69.01
13207,42.64,39.75,51.03,62.97
13209,68.29,71.17,60.93,51.39
13211,51.37,48.0,43.49,39.78
13213,46.82,42.14,32.98,25.43
13215,71.43,67.44,68.44,70.22
13217,46.66,47.74,47.28,47.44
13219,5.48,5.49,6.03,7.16
13221,61.78,55.58,46.52,38.58
13223,6.96,5.46,7.87,10.94
13225,53.3,64.34,68.66,73.95
13227,57.72,56.94,63.9,71.75
13229,72.5,64.91,44.85,25.88
13231,27.97,23.81,21.99,21.09
13233,54.08,50.54,48.49,47.08
13235,86.15,84.05,83.37,84.1
13237,39.52,39.67,55.58,72.4
13239,94.32,90.45,90.87,91.33
13241,73.05,81.02,84.03,87.84
13243,66.95,59.57,58.56,57.51
13245,64.18,61.78,64.86,68.23
13247,5.0,5.66,8.14,11.16
13249,60.76,58.19,60.61,64.28
13251,59.88,58.54,58.82,60.49
13253,65.14,67.14,75.16,82.84
13255,58.56,56.11,53.54,51.77
13257,78.85,80.11,79.04,78.19
13259,85.69,77.38,82.19,87.43
13261,37.54,32.51,30.5,30.26
13263,79.26,79.01,80.08,82.43
13265,94.71,92.12,85.76,80.41
13267,66.44,65.89,64.3,63.45
13269,66.16,72.56,81.09,91.32
13271,27.08,18.35,26.31,35.37
13273,41.69,43.64,46.77,50.6
13275,67.1,66.6,68.06,69.83
13277,53.98,46.41,37.25,28.95
13279,50.38,57.81,59.37,61.6
13281,69.76,74.05,66.56,60.16
13283,81.5,86.34,85.75,85.72
13285,60.36,59.58,59.37,59.95
13287,77.03,69.4,67.68,66.91
13289,83.27,86.59,78.18,70.82
13291,78.97,73.75,73.77,75.09
13293,58.77,53.44,58.58,64.66
13295,75.46,73.62,74.39,76.18
13297,22.04,20.19,20.65,21.64
13299,72.18,66.64,51.42,37.55
13301,28.75,27.7,37.39,48.03
13303,60.45,68.16,69.07,70.62
13305,62.78,58.61,49.19,40.93
13307,61.72,48.94,54.81,61.51
13309,43.57,41.01,28.49,16.84
13311,60.32,59.16,63.14,67.87
13313,11.64,10.75,9.67,10.18
13315,66.81,54.18,38.5,23.69
13317,69.9,67.83,61.52,56.08
13319,53.23,48.19,42.55,37.31
13321,67.75,66.3,64.98,64.32
15001,31.13,31.98,35.54,37.38
15003,11.64,11.47,10.68,8.85
15005,87.79,94.89,66.83,37.42
15007,7.11,5.97,5.57,3.71
15009,10.42,10.8,6.23,0.4
16001,7.59,7.14,8.33,7.59
16003,87.93,91.81,83.1,72.08
16005,50.52,55.69,53.29,50.49
16007,32.68,30.64,28.77,25.81
16009,78.5,81.98,82.13,79.83
16011,35.22,35.58,43.42,50.97
16013,2.85,4.44,7.34,8.9
16015,54.36,41.94,42.95,41.73
16017,59.52,58.85,57.32,53.38
16019,35.0,36.78,33.13,28.42
16021,53.9,40.46,43.37,44.3
16023,56.64,56.29,58.16,59.55
16025,47.8,42.42,59.55,75.08
16027,31.72,33.7,37.14,38.37
16029,31.86,26.67,22.83,17.87
16031,25.86,32.08,32.97,32.34
16033,8.12,1.19,5.11,7.11
16035,93.84,90.83,89.74,85.92
16037,86.31,91.29,95.04,97.01
16039,30.91,33.35,46.42,57.06
16041,36.86,37.01,34.69,31.24
16043,25.36,25.38,38.35,49.23
16045,82.56,81.05,84.86,85.99
16047,35.16,28.87,29.48,28.34
16049,92.28,92.73,91.67,87.76
16051,15.71,12.19,10.08,6.63
16053,16.6,17.3,16.61,14.16
16055,30.76,30.37,34.36,35.94
16057,19.32,18.79,18.89,16.57
16059,75.9,69.9,73.17,74.31
16061,92.23,94.93,96.38,94.93
16063,35.48,41.15,40.13,36.98
16065,0.78,0.7,2.6,2.96
16067,29.58,38.02,37.65,35.75
16069,69.18,68.62,69.61,67.62
16071,68.08,66.58,66.63,65.6
16073,58.43,59.76,65.63,69.48
16075,63.08,69.06,65.55,59.65
16077,66.49,66.96,53.18,38.77
16079,95.13,97.14,97.52,95.21
16081,1.33,1.11,1.35,-0.61
16083,27.57,29.75,30.0,28.14
16085,80.83,81.43,58.5,32.97
16087,81.18,83.52,76.55,67.46
17001,33.26,33.25,40.44,47.4
17003,91.4,89.49,90.7,91.51
17005,54.09,51.83,56.81,61.24
17007,11.78,13.9,17.28,20.82
17009,26.04,35.87,55.15,73.89
17011,30.22,29.88,30.5,30.91
17013,71.5,76.59,76.29,75.85
17015,38.16,35.94,38.14,40.2
17017,27.44,28.76,31.59,34.11
17019,2.69,3.17,2.98,1.97
17021,29.77,22.08,25.17,28.03
17023,60.41,59.66,57.83,55.36
17025,79.5,81.89,81.11,80.04
17027,34.58,38.06,41.21,43.32
17029,40.2,47.05,51.83,56.3
17031,7.93,7.54,8.07,8.16
17033,56.4,55.65,57.06,57.79
17035,66.54,62.97,54.51,45.64
17037,6.34,7.06,9.05,10.9
17039,19.45,19.47,16.75,13.39
17041,13.13,15.34,17.96,20.07
17043,1.86,1.72,1.79,1.78
17045,55.51,56.48,58.16,59.14
17047,56.82,61.27,62.82,64.3
17049,25.86,24.86,28.15,31.05
17051,66.72,68.9,69.44,69.69
17053,58.5,56.09,49.54,41.91
17055,83.11,86.01,86.59,86.31
17057,44.88,45.03,43.84,41.95
17059,92.6,94.04,92.23,89.78
17061,56.59,58.84,53.42,47.78
17063,8.16,4.78,3.75,2.21
17065,69.15,78.45,81.12,83.03
17067,31.66,32.12,42.08,51.73
17069,98.12,98.14,98.63,98.72
17071,64.62,65.16,63.53,61.41
17073,22.62,23.05,25.91,27.98
17075,45.1,48.88,53.01,55.68
17077,31.44,34.95,40.45,45.1
17079,70.87,80.49,81.41,81.71
17081,76.42,79.41,77.61,75.94
17083,28.84,29.52,32.7,35.73
17085,30.5,38.73,39.47,39.85
17087,60.95,56.62,52.94,48.45
17089,1.91,1.96,2.29,2.76
17091,46.61,35.98,32.4,28.23
17093,0.97,1.03,1.3,1.31
17095,57.26,55.4,52.75,49.26
17097,2.69,3.02,3.58,4.33
17099,28.84,29.18,29.69,30.24
17101,85.52,83.83,80.36,76.08
17103,38.92,43.12,51.36,59.62
17105,46.56,49.96,50.14,49.43
17107,49.18,50.19,48.96,47.4
17109,25.18,29.11,32.64,35.33
17111,3.47,4.27,4.47,5.14
17113,4.16,4.42,4.37,3.11
17115,47.68,47.91,46.21,44.15
17117,50.24,47.05,47.21,47.1
17119,28.43,32.93,37.75,42.03
17121,70.98,72.29,72.26,71.83
17123,26.94,26.87,35.62,43.75
17125,60.22,65.5,68.18,70.37
17127,85.02,86.46,84.66,81.43
17129,31.96,35.87,38.94,41.47
17131,22.14,21.78,24.13,25.42
17133,5.56,4.51,5.33,5.62
17135,38.16,35.26,43.1,50.56
17137,49.32,56.21,60.04,64.08
17139,15.22,16.99,21.23,25.34
17141,20.47,20.33,25.36,30.3
17143,16.06,16.94,20.08,22.37
17145,66.36,75.36,80.19,84.48
17147,18.3,21.81,23.04,23.64
17149,57.48,57.07,60.83,64.82
17151,97.96,97.29,97.16,95.97
17153,94.89,94.25,93.13,91.63
17155,17.78,17.58,25.72,33.4
17157,50.26,52.18,56.1,59.27
17159,65.33,62.4,63.15,63.69
17161,28.4,29.59,33.34,36.45
17163,25.86,26.01,30.57,34.37
17165,89.32,91.43,91.9,91.73
17167,34.32,34.26,34.28,34.0
17169,75.34,82.67,86.71,90.53
17171,15.88,18.76,23.59,28.28
17173,21.38,21.34,28.12,35.06
17175,41.0,27.88,26.63,24.47
17177,40.22,42.13,46.27,50.73
17179,16.06,17.56,19.19,20.1
17181,68.93,68.84,66.87,64.63
17183,49.55,49.54,44.58,38.22
17185,69.7,68.3,70.4,71.92
17187,25.24,27.68,29.09,29.47
17189,20.47,20.82,21.98,22.44
17191,69.82,73.6,71.16,68.5
17193,81.95,83.19,82.6,81.78
17195,45.4,41.67,43.22,44.24
17197,2.99,2.32,2.72,2.82
17199,64.69,66.78,68.92,70.32
17201,34.84,35.33,36.55,38.22
17203,5.74,6.43,8.08,9.27
18001,20.24,17.78,15.75,14.96
18003,20.94,20.88,21.3,23.14
18005,21.32,20.33,26.26,32.27
18007,69.62,71.74,72.81,73.28
18009,84.6,84.5,86.11,88.57
18011,7.11,6.15,4.66,2.98
18013,23.37,26.05,31.02,35.51
18015,51.04,51.54,47.88,44.02
18017,46.21,47.11,44.42,41.57
18019,41.02,34.15,32.15,31.1
18021,71.6,71.32,72.76,73.13
18023,32.38,35.48,31.09,26.73
18025,82.87,82.96,78.31,73.69
18027,35.5,38.26,37.99,37.14
18029,17.76,17.98,23.74,31.01
18031,36.86,37.29,31.57,26.62
18033,43.17,37.67,31.3,26.9
18035,58.82,58.08,61.65,65.71
18037,9.01,10.59,14.77,19.02
18039,28.37,27.04,24.47,22.42
18041,73.42,71.12,73.9,77.88
18043,27.48,23.19,26.0,29.72
18045,68.8,69.53,72.51,74.38
18047,29.82,27.78,28.76,31.25
18049,58.54,58.93,54.76,50.7
18051,48.68,49.12,48.56,47.91
18053,73.02,76.2,77.36,79.07
18055,77.28,76.27,77.41,77.73
18057,1.16,1.33,1.31,1.09
18059,25.86,25.51,27.3,28.8
18061,69.07,67.53,64.44,61.95
18063,11.88,10.45,8.18,5.19
18065,64.62,64.56,69.02,74.44
18067,67.73,67.81,64.44,61.23
18069,38.22,36.55,37.97,40.66
18071,35.58,42.66,44.51,46.52
18073,32.97,41.08,47.86,54.3
18075,57.29,57.99,59.36,61.81
18077,48.74,52.43,58.33,65.18
18079,56.48,62.66,65.17,67.92
18081,8.39,8.29,8.52,7.94
18083,68.48,75.56,74.43,73.16
18085,30.23,31.25,29.65,29.19
18087,8.31,7.65,9.76,12.61
18089,34.7,34.18,33.57,32.85
18091,32.76,32.96,35.64,38.1
18093,69.38,74.97,73.06,71.04
18095,70.08,70.99,73.32,76.23
18097,32.68,31.92,30.67,29.13
18099,35.37,35.92,30.42,25.12
18101,63.26,72.58,74.18,75.28
18103,60.49,61.38,56.64,52.06
18105,11.74,13.21,12.09,10.27
18107,43.86,43.72,44.21,43.87
18109,47.23,46.97,40.32,32.78
18111,42.72,49.78,57.37,64.55
18113,33.78,33.42,34.46,36.54
18115,29.07,26.58,35.53,45.74
18117,82.57,88.31,88.07,87.69
18119,68.48,68.7,67.41,65.09
18121,68.48,73.74,71.49,68.25
18123,44.88,44.26,50.43,57.31
18125,72.81,71.1,64.99,58.82
18127,11.64,11.32,12.02,12.64
18129,21.38,22.0,22.83,23.57
18131,65.0,67.12,61.85,56.34
18133,44.24,38.06,30.28,21.53
18135,60.03,62.74,63.93,66.91
18137,29.9,28.87,29.76,31.86
18139,42.84,37.49,45.85,54.72
18141,30.58,30.77,31.1,31.27
18143,67.43,71.24,80.12,89.24
18145,30.42,28.57,32.84,37.05
18147,41.18,45.42,44.86,44.88
18149,57.21,51.94,47.65,43.21
18151,43.9,41.84,36.43,33.12
18153,73.26,76.83,76.48,75.12
18155,60.33,61.43,68.4,76.62
18157,8.39,10.44,8.45,5.68
18159,61.33,61.78,54.19,46.68
18161,49.12,53.54,54.64,57.39
18163,46.56,49.52,47.97,46.71
18165,71.22,75.79,77.76,78.97
18167,71.36,72.15,70.42,67.56
18169,39.88,38.11,39.54,41.92
18171,55.9,59.94,61.24,60.88
18173,17.76,18.73,18.65,19.06
18175,71.62,74.2,70.87,67.73
18177,71.25,70.9,69.58,70.02
18179,25.77,26.56,25.68,26.45
18181,57.47,60.6,60.93,60.87
18183,50.83,45.72,41.96,39.35
19001,54.54,58.38,53.2,46.77
19003,40.48,33.14,32.76,31.51
19005,14.92,14.05,13.59,12.55
19007,68.08,72.81,72.22,71.39
19009,25.72,25.75,25.33,23.62
19011,14.58,13.24,12.36,9.91
19013,14.25,14.93,19.74,23.05
19015,40.98,39.76,34.32,26.82
19017,5.54,6.38,9.19,11.38
19019,12.48,14.21,17.79,20.31
19021,4.73,5.9,4.71,1.8
19023,9.35,9.9,12.16,13.09
19025,29.0,24.63,22.78,18.78
19027,11.4,9.54,10.05,8.82
19029,35.68,29.85,26.11,21.31
19031,12.21,10.42,10.06,8.45
19033,37.18,36.02,34.91,33.01
19035,34.48,37.53,26.63,13.92
19037,33.2,29.93,30.05,29.68
19039,33.22,31.98,47.37,61.85
19041,37.8,45.65,47.57,48.48
19043,29.9,28.73,31.08,32.31
19045,30.42,28.57,31.62,34.31
19047,31.93,37.22,40.44,41.68
19049,0.93,0.84,0.12,-2.22
19051,18.77,16.85,16.55,15.78
19053,61.98,52.61,48.46,43.74
19055,13.3,14.13,12.56,10.51
19057,45.56,47.3,52.66,57.22
19059,37.4,41.22,42.41,42.69
19061,12.26,12.54,12.41,11.62
19063,41.32,42.75,50.23,57.48
19065,37.93,40.87,45.98,50.76
19067,47.36,52.35,52.64,52.0
19069,16.46,8.95,5.51,0.33
19071,37.55,31.9,29.04,25.55
19073,55.16,52.37,56.18,58.23
19075,9.8,8.07,7.91,6.19
19077,32.14,31.16,25.78,19.06
19079,22.58,19.75,17.6,13.51
19081,21.14,22.75,26.96,30.48
19083,15.63,14.62,17.61,18.47
19085,35.61,26.87,23.99,20.18
19087,38.64,34.94,36.72,37.88
19089,13.76,11.27,7.99,4.56
19091,25.18,28.99,33.27,36.5
19093,33.26,38.0,30.53,21.47
19095,17.94,19.41,19.27,17.94
19097,21.32,19.75,18.28,15.98
19099,35.67,35.12,30.7,24.65
19101,9.06,11.47,18.6,25.29
19103,0.81,0.26,0.78,-0.11
19105,20.68,17.13,18.22,17.67
19107,43.9,41.62,48.65,54.87
19109,37.51,47.16,54.45,61.32
19111,62.08,59.19,55.27,50.91
19113,7.64,6.93,6.79,4.97
19115,17.69,15.17,16.13,16.37
19117,54.58,56.96,62.83,68.12
19119,11.66,10.28,10.6,9.77
19121,21.86,22.69,16.3,8.92
19123,32.14,30.81,33.47,35.05
19125,33.27,35.47,38.11,39.46
19127,20.55,17.78,15.48,11.39
19129,56.21,49.0,44.67,39.84
19131,15.44,21.31,20.95,19.76
19133,38.76,40.99,43.85,45.69
19135,29.34,24.26,25.76,26.44
19137,61.8,55.25,46.19,36.31
19139,9.8,7.97,9.65,10.5
19141,27.33,31.24,35.19,37.99
19143,25.87,22.4,21.34,19.32
19145,59.16,58.34,47.55,36.32
19147,45.06,42.85,45.31,46.95
19149,15.78,12.77,14.62,14.9
19151,34.56,41.0,42.19,42.14
19153,11.64,11.33,10.97,9.24
19155,39.88,37.22,37.92,37.99
19157,11.03,6.7,9.15,10.27
19159,42.09,34.03,30.93,27.08
19161,14.58,11.21,8.84,4.65
19163,9.01,8.93,10.07,10.6
19165,41.28,35.98,27.54,18.1
19167,2.05,2.42,3.29,2.71
19169,0.8,0.57,0.48,-1.06
19171,18.58,14.83,12.78,9.17
19173,44.65,49.91,44.84,38.97
19175,55.84,59.88,54.26,48.11
19177,32.63,36.36,42.98,49.05
19179,37.12,36.29,42.52,48.1
19181,15.15,15.84,13.8,10.58
19183,21.14,14.41,14.86,14.1
19185,59.49,54.52,48.32,41.15
19187,35.11,33.48,36.69,38.11
19189,42.3,43.6,38.53,32.71
19191,8.2,12.41,14.47,16.3
19193,22.14,22.04,21.8,19.92
19195,35.12,38.29,37.78,36.61
19197,33.44,36.62,35.11,32.43
20001,77.48,74.5,73.48,70.55
20003,31.66,32.26,34.17,33.63
20005,50.46,48.93,38.51,26.13
20007,49.46,52.72,61.33,67.03
20009,38.2,46.06,45.69,42.84
20011,80.45,83.63,79.48,73.56
20013,60.61,56.65,54.54,50.75
20015,16.84,15.62,21.0,23.88
20017,61.03,65.14,51.5,35.98
20019,91.52,91.31,91.56,89.94
20021,87.2,90.98,91.77,90.6
20023,55.16,52.52,51.12,47.64
20025,40.15,33.07,54.77,73.74
20027,46.34,46.21,53.18,58.82
20029,42.3,37.57,33.29,27.57
20031,51.39,58.3,61.42,62.47
20033,29.83,23.67,48.91,71.63
20035,61.03,64.9,64.56,61.93
20037,52.54,52.4,50.61,46.81
20039,75.46,66.36,75.28,81.82
20041,65.49,68.46,64.89,59.45
20043,51.62,55.69,43.7,30.37
20045,8.24,9.26,10.05,8.48
20047,43.1,33.76,31.69,27.18
20049,93.8,96.89,94.46,89.92
20051,15.86,18.05,15.59,11.09
20053,62.02,67.03,61.72,54.37
20055,8.53,9.33,11.35,11.14
20057,7.02,5.72,8.71,9.33
20059,36.07,34.88,41.55,45.88
20061,20.06,21.73,22.08,20.62
20063,44.04,50.33,56.28,60.3
20065,80.21,81.5,74.83,66.04
20067,7.96,7.08,3.53,-2.99
20069,14.49,11.96,8.07,1.87
20071,72.89,82.72,77.71,70.84
20073,84.82,87.03,84.0,79.12
20075,16.78,26.55,27.91,26.8
20077,52.49,51.08,54.36,54.51
20079,41.62,47.35,44.03,38.77
20081,0.98,0.62,1.05,-1.19
20083,39.77,30.29,35.54,38.62
20085,63.86,69.14,64.86,58.33
20087,40.82,42.3,37.79,31.04
20089,67.54,74.2,72.39,69.08
20091,3.83,4.27,2.95,-0.22
20093,17.94,21.08,29.41,35.47
20095,48.16,41.12,37.82,31.93
20097,44.81,43.96,54.63,62.42
20099,75.54,77.95,78.05,75.98
20101,62.03,60.42,57.18,52.25
20103,44.68,46.26,36.63,24.75
20105,57.37,62.25,56.82,49.32
20107,77.02,78.26,71.72,62.8
20109,33.81,37.15,42.43,45.28
20111,30.28,30.08,26.96,22.25
20113,21.65,24.61,25.5,24.31
20115,50.68,55.91,49.2,40.41
20117,51.64,51.96,44.64,36.1
20119,6.43,6.05,7.23,5.85
20121,22.57,26.24,27.77,27.04
20123,45.67,51.28,48.17,43.43
20125,72.18,76.5,77.9,77.23
20127,63.3,65.64,66.03,64.41
20129,50.32,57.06,63.13,66.38
20131,28.04,28.18,28.14,26.99
20133,69.07,72.23,75.01,75.7
20135,52.48,58.18,50.55,41.18
20137,34.22,21.05,25.73,28.21
20139,61.8,62.45,61.29,57.77
20141,74.77,73.14,60.65,46.54
20143,26.28,25.18,28.96,30.75
20145,67.3,71.9,77.67,80.91
20147,52.61,54.3,59.45,62.14
20149,5.8,7.05,8.92,9.04
20151,24.12,14.59,13.43,9.62
20153,69.96,76.71,78.35,77.17
20155,42.78,44.37,44.51,42.93
20157,32.14,31.06,27.39,22.45
20159,49.98,54.48,53.28,50.0
20161,5.68,7.7,11.4,13.26
20163,47.04,50.53,51.09,49.73
20165,61.11,60.72,49.55,36.16
20167,67.29,71.9,69.98,66.17
20169,32.86,40.26,47.21,51.94
20171,4.49,3.92,5.81,5.33
20173,20.62,23.71,29.74,33.21
20175,1.65,1.41,2.47,1.02
20177,37.1,34.31,31.81,27.28
20179,43.3,44.6,38.8,31.12
20181,63.77,66.8,58.41,48.65
20183,71.44,71.03,63.45,53.96
20185,46.37,45.45,43.34,38.98
20187,44.59,67.84,58.81,47.12
20189,7.86,10.54,10.28,7.47
20191,35.84,40.94,49.1,54.62
20193,28.94,39.15,35.37,29.61
20195,16.57,24.02,29.57,33.56
20197,53.44,54.66,56.9,57.22
20199,71.38,70.21,77.6,83.58
20201,36.07,34.44,35.39,35.57
20203,62.58,83.56,85.89,86.23
20205,91.42,91.92,86.4,78.89
20207,85.69,91.01,92.02,90.94
20209,40.22,42.18,37.28,30.35
21001,74.36,75.61,79.39,84.07
21003,83.58,85.73,83.36,81.95
21005,58.55,63.09,69.72,77.13
21007,49.94,57.79,63.79,69.0
21009,83.22,84.78,85.52,87.32
21011,94.12,95.43,96.21,97.75
21013,99.84,99.77,99.92,100.68
21015,13.53,13.44,15.67,19.3
21017,52.28,54.55,58.27,62.9
21019,88.16,90.77,92.33,95.02
21021,61.64,60.66,61.96,64.34
21023,32.44,26.47,34.6,44.59
21025,99.94,100.01,99.96,100.3
21027,86.72,86.88,87.2,88.37
21029,50.02,53.02,54.37,56.44
21031,91.54,89.98,87.17,85.48
21033,84.37,90.03,94.88,99.87
21035,39.68,47.13,53.87,60.34
21037,16.6,16.97,19.14,22.84
21039,45.06,42.54,43.04,42.36
21041,70.64,65.75,60.71,57.02
21043,81.0,81.98,83.56,86.14
21045,89.9,90.61,88.97,87.77
21047,53.64,58.13,63.75,70.05
21049,71.11,73.3,76.7,80.54
21051,97.84,98.6,99.08,100.08
21053,59.78,67.96,75.4,83.65
21055,79.66,85.22,90.22,95.35
21057,46.0,41.45,44.7,48.44
21059,55.16,52.77,54.83,57.88
21061,98.63,98.45,97.87,98.11
21063,93.49,96.0,96.23,97.01
21065,98.5,98.44,98.63,98.87
21067,17.64,19.26,20.72,22.74
21069,94.25,95.52,95.24,96.04
21071,99.42,99.38,98.3,97.74
21073,63.6,64.37,64.64,65.94
21075,91.79,92.49,90.87,87.95
21077,41.45,38.52,36.67,36.39
21079,83.02,81.14,75.05,69.87
21081,59.41,60.69,53.68,48.09
21083,61.36,65.88,70.25,73.78
21085,79.26,79.64,77.59,76.51
21087,97.38,98.39,98.82,100.17
21089,81.27,84.42,85.98,88.58
21091,73.5,67.46,68.98,71.37
21093,67.1,67.74,65.66,64.52
21095,99.84,99.86,99.77,100.58
21097,68.08,64.76,65.17,66.89
21099,88.3,90.01,89.37,89.8
21101,82.96,86.53,88.24,90.61
21103,71.0,76.73,77.79,80.13
21105,95.7,96.21,93.69,89.83
21107,67.94,70.6,77.62,85.11
21109,99.35,99.33,98.97,99.22
21111,39.35,37.74,38.34,40.02
21113,48.2,44.91,40.78,37.07
21115,99.04,98.73,97.88,97.25
21117,36.2,36.35,35.89,37.07
21119,99.79,99.87,99.73,100.18
21121,63.37,59.63,62.98,67.2
21123,85.2,85.32,84.51,84.53
21125,74.19,76.26,74.93,74.76
21127,94.82,94.38,90.68,88.1
21129,99.78,99.77,99.76,99.87
21131,99.89,99.79,99.73,100.16
21133,99.57,99.96,99.77,100.15
21135,91.42,89.97,87.86,87.35
21137,83.44,80.8,76.27,72.62
21139,91.34,93.56,95.06,95.75
21141,51.82,47.6,52.5,58.21
21143,90.13,92.1,95.83,99.24
21145,53.9,53.42,49.74,44.99
21147,98.02,98.33,95.51,93.34
21149,70.1,69.32,76.83,85.36
21151,57.64,59.05,60.21,61.54
21153,99.38,99.69,99.38,99.43
21155,75.58,84.34,85.47,87.34
21157,66.78,75.03,78.19,80.93
21159,99.48,99.43,99.08,99.86
21161,75.39,74.77,76.02,78.62
21163,70.86,72.34,73.8,76.41
21165,90.46,91.36,92.74,94.55
21167,77.24,76.08,74.28,73.55
21169,94.54,94.86,94.79,95.6
21171,93.16,92.61,91.98,92.59
21173,86.15,87.29,89.26,91.54
21175,97.58,98.26,97.72,97.81
21177,90.21,92.35,94.69,97.62
21179,67.68,73.34,69.91,67.42
21181,93.74,95.13,94.64,95.27
21183,85.86,84.89,79.07,74.28
21185,3.47,3.33,2.49,2.96
21187,85.84,84.96,76.64,69.8
21189,98.98,99.07,99.26,99.48
21191,74.07,73.65,74.56,77.02
21193,99.44,99.56,99.45,99.86
21195,98.94,98.87,98.57,99.32
21197,93.66,93.97,93.71,93.59
21199,85.1,81.03,77.74,75.07
21201,62.4,48.5,40.12,33.08
21203,95.05,95.89,92.49,89.64
21205,66.06,70.97,65.73,61.46
21207,77.92,73.45,74.82,76.73
21209,19.85,22.79,27.44,32.91
21211,35.21,42.72,36.2,31.08
21213,30.16,23.15,27.52,32.16
21215,33.78,35.15,33.55,33.02
21217,84.72,86.1,87.98,90.75
21219,34.18,30.48,36.31,43.18
21221,70.9,75.54,85.37,95.32
21223,76.01,86.13,88.65,92.14
21225,80.23,79.92,84.7,89.15
21227,44.81,44.85,40.76,37.76
21229,73.76,72.97,72.44,72.46
21231,93.38,90.33,88.58,87.35
21233,88.72,92.32,96.19,101.03
21235,83.81,85.9,88.4,91.77
21237,99.78,100.01,100.0,100.59
21239,29.72,30.47,33.79,37.6
22001,74.19,76.32,78.55,81.23
22003,84.99,79.72,77.55,75.44
22005,19.36,21.31,21.91,22.98
22007,83.56,86.27,87.9,90.46
22009,76.26,79.55,86.06,93.76
22011,85.32,82.91,81.84,81.03
22013,86.08,85.89,89.07,91.63
22015,21.24,19.61,19.61,18.68
22017,46.8,46.21,47.23,47.25
22019,56.62,52.0,42.79,33.62
22021,36.14,33.25,40.01,47.14
22023,50.75,42.5,34.92,27.72
22025,38.68,36.43,41.35,47.23
22027,76.38,69.46,69.76,69.28
22029,21.41,22.08,42.42,63.41
22031,66.4,67.7,73.25,77.96
22033,34.3,34.61,35.76,37.78
22035,57.37,54.46,61.77,69.26
22037,49.42,42.44,46.64,52.12
22039,93.71,94.79,95.3,96.62
22041,69.74,62.16,59.58,58.01
22043,76.16,73.28,71.81,71.08
22045,58.72,58.54,57.51,57.17
22047,80.37,82.87,80.66,78.98
22049,93.81,94.79,95.15,95.53
22051,32.22,34.33,38.15,42.81
22053,74.9,69.56,73.04,76.73
22055,16.9,17.74,17.43,17.38
22057,59.96,59.8,62.16,66.03
22059,47.74,45.42,40.9,37.09
22061,32.24,32.66,35.23,37.42
22063,35.24,26.33,24.41,23.5
22065,26.87,33.96,57.26,81.65
22067,49.04,43.75,42.73,42.22
22069,55.6,46.9,39.33,31.75
22071,34.83,37.12,36.95,37.56
22073,23.43,24.15,27.07,30.44
22075,11.51,18.39,26.88,36.05
22077,85.43,93.41,95.3,98.11
22079,65.66,59.93,61.71,64.21
22081,56.82,67.64,79.23,90.05
22083,39.48,39.32,45.47,52.44
22085,51.94,51.15,64.37,77.55
22087,31.1,40.48,48.36,56.81
22089,17.1,17.04,19.71,23.15
22091,91.42,89.0,90.48,93.7
22093,48.2,44.53,41.59,39.29
22095,34.98,32.29,33.57,35.48
22097,24.62,22.66,19.08,16.55
22099,45.9,45.13,45.4,46.05
22101,64.3,64.72,67.28,70.79
22103,39.19,35.35,41.36,48.47
22105,83.8,81.89,81.52,82.5
22107,19.0,11.45,14.87,19.32
22109,48.82,57.54,60.95,65.97
22111,55.82,54.89,54.66,54.11
22113,56.36,60.55,62.09,64.5
22115,66.16,64.48,68.49,72.35
22117,93.26,92.36,90.75,90.67
22119,66.95,57.03,54.0,49.72
22121,41.24,41.85,38.93,36.95
22123,32.25,34.4,40.91,47.7
22125,22.88,26.76,20.71,15.87
22127,83.25,82.86,85.5,88.38
23001,56.51,57.42,60.41,65.38
23003,91.31,91.94,91.27,91.81
23005,15.32,14.3,14.42,16.75
23007,57.1,56.35,53.33,52.06
23009,48.6,47.38,43.25,39.77
23011,59.54,59.14,58.03,58.1
23013,52.16,48.22,45.87,44.76
23015,57.26,60.01,59.4,60.0
23017,73.66,74.22,73.97,76.06
23019,74.06,75.09,73.21,72.59
23021,98.12,98.77,98.08,99.61
23023,25.02,19.3,17.8,17.6
23025,85.3,85.85,85.2,85.96
23027,59.52,61.87,60.34,59.96
23029,87.96,88.76,90.16,92.51
23031,41.77,41.17,42.38,45.4
24001,75.31,74.53,74.49,75.99
24003,8.3,8.74,9.36,11.41
24005,15.93,16.22,15.87,17.61
24009,11.88,10.67,8.96,8.53
24011,45.91,44.07,43.22,43.84
24013,11.04,12.71,14.89,18.9
24015,26.8,29.5,30.86,33.3
24017,2.45,2.64,3.98,7.06
24019,63.47,65.87,66.33,67.95
24021,9.74,11.73,10.31,10.76
24023,53.15,57.61,61.66,67.39
24025,13.07,14.47,13.02,13.24
24027,0.9,1.06,1.42,3.8
24029,35.75,36.22,33.54,32.28
24031,1.54,1.72,1.86,3.75
24033,4.02,4.28,4.64,6.73
24035,9.94,9.47,9.52,10.86
24037,19.38,20.34,19.83,20.33
24039,50.38,43.36,47.19,51.92
24041,35.11,33.69,37.74,43.08
24043,52.92,54.25,52.02,51.53
24045,13.13,14.34,18.57,23.64
24047,44.2,45.85,46.58,48.44
24510,47.84,46.9,47.47,49.98
25001,30.85,27.75,27.06,26.88
25003,50.26,52.06,51.12,51.77
25005,37.79,37.51,37.53,38.46
25007,2.22,2.06,3.75,6.29
25009,18.69,17.76,17.81,19.12
25011,41.2,45.44,50.41,56.78
25013,53.79,54.56,54.95,56.21
25015,11.24,10.95,11.55,13.13
25017,3.83,3.81,4.03,5.37
25019,3.0,3.94,13.6,23.29
25021,5.54,5.32,4.91,5.91
25023,13.74,12.93,12.96,14.29
25025,21.22,20.55,19.3,19.06
25027,18.45,18.51,19.0,20.47
26001,93.12,93.42,94.21,96.15
26003,71.25,66.32,71.31,77.07
26005,9.55,8.02,7.58,7.63
26007,73.3,72.99,74.71,77.43
26009,53.27,53.27,54.11,55.91
26011,85.72,86.15,82.53,80.06
26013,59.89,64.42,68.08,72.1
26015,25.33,20.98,21.03,22.03
26017,57.34,54.47,51.41,49.57
26019,58.96,56.35,51.07,46.47
26021,41.84,43.22,44.9,46.47
26023,39.02,39.0,36.68,35.69
26025,53.27,53.51,49.48,46.38
26027,68.27,69.55,69.41,69.49
26029,42.64,39.3,42.41,46.4
26031,81.73,80.14,77.77,76.27
26033,70.12,72.31,69.83,68.69
26035,91.66,93.15,92.95,93.32
26037,19.38,21.08,21.53,23.16
26039,84.24,86.03,87.16,89.26
26041,72.19,72.12,74.51,77.14
26043,70.86,72.82,68.43,63.83
26045,53.68,54.77,56.11,58.66
26047,30.96,25.65,27.15,29.68
26049,60.41,60.64,63.96,68.29
26051,88.12,87.58,86.71,86.51
26053,51.37,48.37,49.63,50.95
26055,23.29,21.64,20.93,20.88
26057,46.8,46.4,45.71,45.84
26059,43.25,45.03,44.23,45.28
26061,16.26,16.19,14.71,12.92
26063,58.1,58.2,55.41,53.14
26065,24.2,26.74,26.5,27.6
26067,28.18,20.04,18.57,17.76
26069,91.95,92.0,89.63,88.42
26071,71.18,66.22,70.98,75.52
26073,24.74,28.4,32.09,36.27
26075,50.05,50.26,47.89,47.2
26077,25.86,25.62,24.94,24.9
26079,75.77,73.49,71.16,69.62
26081,16.49,15.36,13.86,13.3
26083,68.66,57.08,41.62,27.0
26085,96.98,97.26,97.51,98.56
26087,39.99,39.2,39.05,39.95
26089,21.82,21.33,21.3,21.9
26091,52.2,52.37,48.2,46.11
26093,8.39,8.49,9.24,12.5
26095,93.63,90.4,88.37,86.65
26097,70.96,69.05,72.77,77.48
26099,35.22,35.19,35.06,36.76
26101,74.54,72.65,69.11,66.06
26103,37.06,38.4,36.95,36.61
26105,62.76,58.67,57.83,57.45
26107,50.97,49.55,54.35,60.01
26109,73.3,73.36,66.99,61.35
26111,30.08,30.68,31.33,32.49
26113,75.56,75.63,73.53,72.48
26115,28.48,31.38,35.21,41.06
26117,71.73,69.05,64.2,60.35
26119,96.3,95.87,94.99,94.91
26121,52.6,51.14,46.03,41.2
26123,75.39,75.37,73.45,72.36
26125,16.76,16.47,16.23,17.74
26127,67.24,65.52,61.63,58.24
26129,93.54,93.57,93.36,94.06
26131,76.65,76.47,76.52,76.69
26133,70.47,71.71,73.89,76.61
26135,93.1,93.5,93.59,94.42
26137,66.19,69.54,68.08,67.31
26139,7.31,7.25,6.92,7.52
26141,80.56,81.52,80.81,80.75
26143,98.26,98.4,98.03,98.0
26145,58.43,59.26,62.42,66.7
26147,62.55,62.76,61.72,62.04
26149,46.62,48.53,51.42,55.07
26151,65.0,68.37,70.48,74.35
26153,87.2,88.54,87.72,87.76
26155,50.62,49.53,50.65,52.98
26157,77.03,77.08,77.6,79.12
26159,46.86,45.74,42.11,38.72
26161,3.15,3.66,4.03,6.34
26163,55.82,55.4,53.7,53.98
26165,56.4,54.95,54.51,54.88
27001,70.54,69.84,74.05,78.95
27003,6.28,6.46,6.43,6.5
27005,24.74,28.73,32.97,38.55
27007,24.69,29.56,31.79,34.52
27009,25.86,24.34,19.43,15.88
27011,54.09,50.85,39.29,27.1
27013,5.2,5.42,5.25,5.03
27015,7.77,8.57,8.08,7.7
27017,19.85,22.89,29.89,36.89
27019,0.46,0.51,0.77,1.56
27021,52.82,50.51,45.78,41.85
27023,31.12,30.97,30.52,30.1
27025,17.4,17.83,15.6,13.96
27027,6.02,6.1,7.77,10.15
27029,59.87,62.11,65.23,69.24
27031,24.4,30.43,27.17,23.71
27033,38.46,39.88,37.12,34.27
27035,36.2,36.09,35.81,36.81
27037,2.9,2.81,3.24,4.23
27039,2.2,2.52,2.25,1.73
27041,23.43,22.84,22.3,22.29
27043,22.96,22.11,21.7,21.02
27045,16.44,14.26,12.64,10.38
27047,34.17,33.46,27.83,21.69
27049,11.33,10.51,8.3,6.15
27051,34.83,35.64,36.19,37.05
27053,5.81,5.94,6.15,6.97
27055,11.75,13.28,12.63,11.37
27057,46.12,47.99,47.45,48.6
27059,26.56,26.57,23.83,22.2
27061,52.82,50.48,55.66,60.55
27063,8.04,10.42,14.63,18.52
27065,68.64,70.03,68.68,68.46
27067,16.57,17.3,18.48,20.67
27069,28.1,16.55,15.63,15.48
27071,60.33,62.23,64.83,67.02
27073,43.78,43.99,45.77,46.59
27075,33.04,37.28,43.79,50.18
27077,15.55,10.63,12.53,14.86
27079,9.01,10.13,10.8,12.04
27081,29.44,26.87,25.73,23.54
27083,6.62,5.59,6.61,6.84
27085,15.76,16.63,19.44,22.94
27087,37.34,44.57,46.35,49.1
27089,20.33,19.58,20.29,22.25
27091,36.2,36.9,40.79,44.2
27093,13.2,13.11,12.66,13.2
27095,50.07,49.34,49.26,50.6
27097,21.82,21.69,21.55,22.59
27099,22.52,22.11,17.98,13.36
27101,27.54,25.61,25.08,23.99
27103,15.55,17.93,19.28,20.73
27105,16.19,21.1,20.16,18.72
27107,16.92,19.77,19.65,20.74
27109,6.16,6.96,6.02,4.44
27111,29.44,27.31,26.95,27.37
27113,22.58,19.9,20.22,21.9
27115,67.44,66.56,67.99,69.69
27117,30.63,35.07,37.37,38.49
27119,27.92,29.14,27.71,27.3
27121,33.78,33.94,33.86,34.18
27123,15.66,15.86,15.63,15.95
27125,23.75,24.62,22.78,22.06
27127,18.9,12.42,11.02,9.75
27129,11.84,8.02,10.03,12.76
27131,5.38,5.16,4.32,3.89
27133,14.58,14.05,15.68,16.09
27135,10.49,10.41,10.83,12.11
27137,39.99,40.2,40.11,40.0
27139,0.88,0.99,1.3,2.29
27141,2.61,2.79,3.62,5.6
27143,10.54,9.83,10.82,12.24
27145,9.94,9.46,9.05,9.72
27147,13.2,13.35,11.68,9.85
27149,15.78,12.39,10.98,9.9
27151,35.64,34.29,37.09,40.54
27153,34.48,36.99,33.23,30.16
27155,71.33,67.35,63.71,59.4
27157,19.07,23.13,24.65,25.38
27159,66.79,65.88,60.05,55.61
27161,16.1,14.2,13.88,13.45
27163,3.15,3.59,3.75,4.43
27165,18.16,25.54,28.94,31.81
27167,41.78,42.54,42.69,43.34
27169,14.78,15.11,13.63,11.75
27171,2.99,3.81,4.2,5.42
27173,24.36,27.31,29.34,30.74
28001,55.38,57.63,61.64,66.81
28003,84.67,86.53,87.87,88.8
28005,84.75,79.51,87.47,97.02
28007,85.04,90.79,91.11,92.32
28009,74.69,74.69,75.12,74.93
28011,70.8,78.45,75.47,72.32
28013,87.41,89.75,91.39,93.83
28015,73.82,79.58,74.7,70.13
28017,60.76,58.81,62.51,66.54
28019,96.78,98.19,97.75,97.94
28021,41.77,40.24,39.31,39.42
28023,92.88,92.61,94.02,95.09
28025,27.27,14.67,8.84,3.15
28027,39.88,37.86,39.08,40.17
28029,50.83,41.42,38.01,36.14
28031,85.88,79.6,76.89,75.07
28033,15.22,15.55,17.95,19.27
28035,85.69,86.53,85.8,86.11
28037,68.0,56.47,70.2,85.29
28039,85.3,85.08,85.35,85.87
28041,88.73,83.81,82.87,82.35
28043,87.16,84.12,81.14,78.4
28045,73.24,78.22,65.08,52.91
28047,50.8,52.2,52.2,52.68
28049,21.24,19.88,21.89,24.97
28051,49.02,62.38,76.11,90.52
28053,67.1,83.88,90.6,97.52
28055,87.84,92.87,96.04,99.42
28057,83.97,81.48,70.57,59.66
28059,67.11,65.79,66.28,67.62
28061,76.82,73.03,71.83,70.91
28063,35.93,20.63,22.72,26.23
28065,80.86,74.71,69.85,66.14
28067,66.62,62.78,62.2,61.98
28069,82.32,82.7,84.02,85.42
28071,11.04,12.72,11.57,10.25
28073,45.78,45.88,43.88,43.07
28075,76.71,77.26,75.36,73.08
28077,49.84,43.07,58.91,76.2
28079,91.14,92.62,92.99,94.13
28081,58.09,54.42,49.03,43.57
28083,13.18,10.65,8.97,7.47
28085,50.52,49.13,46.64,45.84
28087,37.07,25.78,18.72,11.79
28089,7.06,6.03,6.39,7.72
28091,85.72,83.15,87.19,92.33
28093,34.3,35.08,48.52,61.55
28095,57.21,50.4,49.01,47.35
28097,86.79,94.27,90.2,86.26
28099,84.02,86.9,82.92,78.93
28101,80.4,81.84,81.66,81.4
28103,87.04,85.08,86.0,86.62
28105,16.27,15.23,15.2,14.87
28107,63.26,71.07,73.44,75.9
28109,80.52,80.21,80.65,82.18
28111,98.44,98.01,98.0,98.97
28113,71.82,64.86,66.98,71.11
28115,79.42,80.84,80.12,79.15
28117,88.9,89.74,85.11,80.24
28119,65.82,64.98,62.85,60.68
28121,28.74,24.77,25.83,28.42
28123,90.21,92.05,92.31,93.14
28125,83.44,88.85,85.91,83.18
28127,71.36,70.63,70.56,71.88
28129,79.15,72.93,77.52,82.63
28131,76.18,72.87,78.35,84.18
28133,35.07,41.87,44.07,46.34
28135,70.98,59.48,52.05,44.5
28137,52.76,47.01,45.35,42.94
28139,82.09,81.42,86.19,90.28
28141,91.8,90.65,89.92,88.94
28143,33.44,23.56,20.55,16.32
28145,76.79,79.17,80.23,81.41
28147,85.14,81.87,85.32,89.89
28149,42.28,53.95,63.1,73.29
28151,77.92,81.73,87.4,93.01
28153,92.07,90.32,89.46,88.87
28155,87.46,89.45,90.64,92.38
28157,96.12,95.24,95.64,97.11
28159,78.94,82.09,83.71,85.38
28161,70.08,62.73,62.25,62.2
28163,78.97,90.71,94.63,99.25
29001,20.06,19.52,19.72,19.06
29003,37.79,37.99,34.74,30.44
29005,73.74,74.7,72.36,69.52
29007,49.46,52.65,59.84,67.01
29009,68.29,70.93,61.86,50.96
29011,75.55,70.33,75.98,79.94
29013,66.74,61.08,62.23,61.11
29015,96.94,96.68,97.18,96.64
29017,94.81,93.61,92.16,90.21
29019,10.33,12.47,13.44,14.05
29021,53.44,54.66,53.65,51.23
29023,96.62,96.68,96.36,95.26
29025,68.46,65.93,56.17,44.91
29027,49.16,45.39,41.42,37.19
29029,72.55,77.16,76.59,75.11
29031,31.64,31.03,32.31,33.57
29033,60.01,58.65,49.71,39.52
29035,94.89,97.22,97.01,96.3
29037,28.43,29.02,29.73,28.73
29039,89.37,87.73,87.9,86.71
29041,70.22,67.65,66.58,64.87
29043,24.34,29.42,29.87,28.29
29045,39.99,39.83,40.44,40.28
29047,17.27,18.22,16.67,13.23
29049,24.64,26.23,24.61,21.06
29051,25.98,16.61,13.91,10.91
29053,52.13,57.64,57.17,55.89
29055,90.46,90.87,90.72,90.74
29057,74.42,74.44,63.94,52.08
29059,90.21,89.52,88.71,86.81
29061,52.28,45.67,34.95,23.53
29063,63.94,59.75,51.0,40.65
29065,94.16,92.24,90.58,88.44
29067,88.76,87.53,87.61,85.7
29069,91.79,91.85,88.56,84.12
29071,26.12,30.86,33.14,35.3
29073,72.94,69.06,68.68,68.47
29075,60.88,60.25,57.8,54.76
29077,38.98,43.11,42.15,39.41
29079,53.96,55.35,53.51,50.81
29081,76.34,71.21,77.53,83.07
29083,83.59,84.47,84.03,81.55
29085,95.46,95.94,95.37,93.76
29087,61.22,65.7,69.42,72.27
29089,50.9,58.13,53.69,48.34
29091,86.54,88.86,87.94,85.7
29093,96.98,96.77,95.73,94.93
29095,29.9,28.91,26.3,21.56
29097,36.14,38.48,41.46,42.94
29099,26.6,27.2,29.15,30.86
29101,19.32,18.34,19.78,19.71
29103,84.1,85.77,79.86,72.9
29105,74.99,72.38,69.47,65.26
29107,44.4,43.21,41.21,37.75
29109,65.38,72.28,70.9,67.46
29111,26.8,29.36,34.32,38.96
29113,49.96,42.15,42.43,43.01
29115,45.91,40.94,37.15,32.58
29117,40.91,37.62,33.93,29.32
29119,65.16,63.99,47.47,28.87
29121,72.18,67.28,67.24,66.22
29123,94.71,93.89,94.27,94.93
29125,83.11,77.86,74.08,69.88
29127,40.25,36.02,35.86,35.39
29129,47.16,47.55,48.18,47.54
29131,60.38,55.35,57.61,59.47
29133,84.37,84.02,88.43,92.15
29135,28.2,22.15,23.9,25.32
29137,66.89,69.8,60.82,51.21
29139,66.44,64.62,68.53,72.63
29141,73.14,67.74,72.85,77.05
29143,93.41,93.73,90.74,87.29
29145,42.25,42.08,39.95,36.13
29147,25.33,21.82,16.03,9.65
29149,96.45,96.12,95.41,93.86
29151,38.86,26.63,20.28,14.11
29153,88.46,87.27,91.23,93.88
29155,98.34,98.32,97.47,95.98
29157,51.94,51.36,43.81,35.87
29159,66.74,64.01,61.8,58.74
29161,58.72,58.03,58.02,57.92
29163,43.1,33.69,31.67,30.15
29165,13.44,15.92,16.83,15.41
29167,61.46,57.85,51.25,43.53
29169,75.77,82.35,77.92,72.83
29171,85.14,79.44,61.66,43.58
29173,43.6,39.15,36.19,33.35
29175,67.45,65.08,63.4,61.32
29177,54.09,48.4,37.0,24.1
29179,97.95,98.14,97.96,97.8
29181,99.3,99.88,99.49,98.13
29183,6.08,6.46,6.96,7.71
29185,93.24,92.23,90.77,87.87
29186,52.92,53.59,51.55,48.96
29187,87.14,87.17,86.54,86.53
29189,18.45,18.59,17.66,16.73
29195,69.29,66.94,65.68,63.19
29197,60.85,58.38,56.62,54.19
29199,42.01,38.68,34.75,30.48
29201,76.84,80.2,81.54,82.56
29203,93.68,96.63,95.57,93.63
29205,57.69,52.34,44.88,36.7
29207,93.8,94.5,94.53,93.97
29209,83.97,83.58,79.32,73.3
29211,36.56,26.61,17.31,7.42
29213,69.85,68.55,66.46,62.55
29215,93.35,94.57,94.66,93.4
29217,71.4,69.73,67.73,64.02
29219,48.7,49.92,50.11,50.31
29221,97.85,97.8,97.48,97.7
29223,99.18,99.5,99.4,98.87
29225,42.3,43.49,40.28,35.3
29227,53.12,55.51,54.82,53.29
29229,83.24,83.59,82.79,80.26
29510,50.07,49.54,48.99,47.88
30001,45.06,48.83,56.85,62.56
30003,6.39,3.37,3.48,1.44
30005,82.65,86.64,87.45,86.84
30007,64.68,69.67,67.6,64.01
30009,52.37,54.08,56.21,56.0
30011,31.12,31.22,29.73,26.77
30013,45.9,44.77,44.31,42.11
30015,13.91,15.11,12.98,10.26
30017,65.38,72.91,77.93,81.03
30019,41.69,49.84,50.85,50.65
30021,32.95,25.86,32.19,36.32
30023,95.06,95.08,96.31,95.73
30025,20.23,22.34,35.44,46.9
30027,30.74,22.08,28.09,32.13
30029,13.13,14.67,17.36,17.81
30031,1.58,1.6,1.72,-0.12
30033,15.81,9.77,8.19,4.71
30035,22.51,14.79,11.35,6.74
30037,59.82,52.69,61.96,69.25
30039,78.16,76.53,74.49,70.24
30041,48.68,50.13,43.85,36.29
30043,31.86,27.25,38.37,47.48
30045,32.52,38.94,36.24,31.88
30047,40.45,40.07,46.23,50.74
30049,33.78,33.76,30.53,25.98
30051,65.1,65.16,66.6,66.56
30053,87.92,87.54,90.26,91.28
30055,29.27,24.24,20.3,14.91
30057,30.93,38.9,36.93,32.92
30059,52.76,46.55,51.82,55.97
30061,92.58,93.59,84.48,73.14
30063,22.18,23.96,20.02,14.12
30065,45.42,43.6,40.56,35.18
30067,15.46,12.57,10.22,5.7
30069,21.64,27.87,18.82,8.51
30071,62.87,60.32,69.2,77.12
30073,63.92,64.06,66.42,67.38
30075,53.99,59.46,51.75,42.53
30077,50.48,45.29,56.26,65.45
30079,55.82,55.13,56.63,57.06
30081,77.33,81.13,80.91,78.22
30083,17.98,23.53,28.32,31.23
30085,25.39,19.5,16.44,11.17
30087,65.84,73.02,75.84,76.46
30089,79.9,81.57,84.04,84.47
30091,26.23,25.06,38.38,50.91
30093,72.32,75.16,77.97,78.87
30095,29.29,27.17,31.98,34.43
30097,38.75,30.84,40.72,48.95
30099,50.56,50.07,48.98,46.31
30101,68.21,71.84,73.44,74.3
30103,47.6,50.83,69.92,86.73
30105,42.79,44.97,49.75,52.69
30107,24.72,19.22,21.98,23.22
30109,30.85,27.87,41.33,52.79
30111,23.91,21.26,21.26,18.42
31001,30.53,36.03,29.48,21.36
31003,51.04,48.15,43.02,36.79
31005,7.96,11.46,25.21,37.04
31007,44.94,41.18,34.82,26.45
31009,9.98,16.45,36.53,55.33
31011,17.78,17.89,21.06,22.97
31013,8.8,10.26,15.52,18.2
31015,67.94,67.5,65.48,63.1
31017,39.02,38.51,37.59,35.54
31019,9.62,11.88,13.12,12.79
31021,55.04,55.0,53.62,51.75
31023,20.54,16.46,19.16,20.67
31025,5.94,4.6,7.8,10.75
31027,12.15,14.48,11.48,7.59
31029,20.92,18.61,20.49,19.51
31031,31.13,30.95,27.61,23.14
31033,28.4,38.19,42.35,44.6
31035,51.82,48.98,41.98,33.4
31037,3.28,4.16,6.35,7.44
31039,15.28,10.46,9.41,7.31
31041,25.72,26.97,31.35,33.44
31043,5.34,7.29,11.8,14.84
31045,11.78,14.35,15.09,12.95
31047,21.03,23.07,24.22,22.77
31049,44.92,62.59,68.12,71.86
31051,29.05,32.35,27.11,20.82
31053,28.75,27.76,27.46,26.5
31055,8.86,9.15,8.81,8.32
31057,15.72,10.29,17.87,23.06
31059,55.06,54.0,45.7,35.9
31061,60.38,62.89,59.34,54.09
31063,52.96,66.98,75.94,81.93
31065,64.52,67.69,69.79,69.34
31067,50.07,49.56,50.5,50.87
31069,46.94,61.62,69.82,76.06
31071,42.72,50.92,40.56,28.93
31073,32.44,27.87,19.59,8.78
31075,14.03,16.49,16.84,15.14
31077,42.31,42.67,40.13,35.62
31079,19.55,20.97,21.16,19.27
31081,15.46,13.9,11.75,7.74
31083,57.83,57.48,56.13,52.46
31085,56.62,53.41,54.98,53.98
31087,74.42,74.48,77.31,77.2
31089,36.07,34.76,31.11,26.37
31091,97.56,97.53,77.77,56.1
31093,33.19,28.89,24.11,17.18
31095,59.87,61.83,67.91,72.75
31097,42.86,54.76,57.61,59.91
31099,16.87,16.4,16.09,14.11
31101,25.63,29.47,33.86,36.24
31103,26.57,11.07,8.12,4.55
31105,59.87,65.82,60.64,54.11
31107,29.68,30.64,35.69,39.47
31109,9.52,10.09,9.67,9.17
31111,41.77,40.69,40.22,37.57
31113,21.51,8.25,6.1,2.07
31115,44.12,62.52,62.82,61.68
31117,30.72,13.49,7.51,-0.72
31119,12.26,11.91,11.01,9.38
31121,43.02,51.53,53.61,53.58
31123,42.01,40.86,36.66,30.65
31125,51.85,53.75,53.31,51.01
31127,39.88,38.7,44.9,50.44
31129,67.13,64.47,54.53,43.32
31131,39.84,43.72,45.91,47.82
31133,35.68,31.24,40.68,49.17
31135,22.88,26.65,27.73,26.91
31137,21.94,21.3,25.54,27.59
31139,12.86,12.92,14.52,15.0
31141,7.22,5.78,7.73,8.43
31143,18.8,22.18,21.11,18.44
31145,35.5,39.95,43.07,43.69
31147,55.51,55.87,54.48,51.73
31149,28.26,27.06,24.35,20.93
31151,19.72,15.7,14.46,12.22
31153,3.16,2.99,3.77,4.13
31155,28.98,31.33,29.65,27.42
31157,41.44,40.64,43.26,43.43
31159,9.62,9.4,8.18,6.19
31161,61.72,69.47,71.21,70.81
31163,50.26,51.72,50.82,47.71
31165,3.72,3.86,5.43,5.08
31167,18.18,14.41,16.19,17.01
31169,45.12,46.51,41.35,35.02
31171,23.05,33.62,34.16,32.98
31173,20.88,22.19,22.83,22.91
31175,57.37,54.35,45.92,35.81
31177,36.1,38.49,30.65,22.04
31179,8.14,6.78,6.29,4.89
31181,51.62,49.85,41.57,32.12
31183,39.65,48.39,55.68,61.57
31185,27.22,33.65,31.0,26.59
32001,51.64,39.32,42.23,42.71
32003,20.47,20.07,19.25,15.81
32005,51.12,47.98,41.79,33.23
32007,16.6,17.26,14.71,10.19
32009,76.33,77.49,81.76,84.0
32011,57.37,68.97,57.88,43.54
32013,14.58,13.05,18.07,20.74
32015,12.94,12.01,23.37,32.01
32017,66.03,85.12,84.42,81.65
32019,75.98,69.86,65.03,58.09
32021,86.22,76.44,59.29,39.65
32023,95.82,95.84,95.23,92.25
32027,56.29,37.66,30.58,20.64
32029,92.76,90.46,88.44,84.51
32031,19.73,17.86,18.42,17.05
32033,69.12,57.62,50.89,41.6
32510,91.26,89.35,76.74,62.26
33001,46.9,52.15,53.93,58.36
33003,55.54,52.06,53.56,58.07
33005,32.76,33.26,33.1,34.37
33007,84.24,85.31,85.62,88.39
33009,37.06,40.11,36.44,34.87
33011,14.89,16.13,16.57,18.97
33013,32.14,31.49,33.04,36.43
33015,8.53,9.15,9.82,12.59
33017,23.78,22.2,22.81,25.2
33019,36.65,33.94,30.35,28.58
34001,28.06,29.59,33.07,37.2
34003,1.73,1.84,1.95,2.73
34005,15.22,16.13,16.26,17.35
34007,30.28,29.53,30.33,31.69
34009,38.68,36.56,38.38,41.4
34011,39.16,35.92,38.33,41.66
34013,19.26,16.78,15.53,15.35
34015,24.56,24.42,22.93,22.34
34017,4.23,3.94,3.63,4.46
34019,3.19,3.2,2.72,3.88
34021,7.64,8.32,7.97,9.37
34023,3.5,3.49,4.22,6.25
34025,6.68,6.84,7.34,9.04
34027,1.91,2.06,2.07,3.7
34029,28.75,27.59,26.32,26.2
34031,3.07,2.94,2.71,3.44
34033,50.24,47.05,46.47,46.75
34035,1.62,1.63,1.52,2.9
34037,8.72,10.21,10.1,11.73
34039,4.09,3.71,3.63,4.85
34041,20.72,23.07,21.88,21.96
35001,29.72,30.18,34.9,36.96
35003,99.43,99.5,99.51,98.55
35005,62.51,59.7,61.44,60.08
35006,95.74,96.76,93.82,89.09
35007,90.3,91.72,93.28,92.07
35009,57.34,53.84,57.36,57.36
35011,93.76,92.68,79.45,61.98
35013,24.56,31.2,35.9,39.82
35015,34.18,29.41,36.06,40.8
35017,83.35,78.88,81.1,82.74
35019,89.4,92.52,86.5,76.23
35021,91.18,93.21,83.95,70.97
35023,82.33,87.97,84.75,81.12
35025,18.13,16.56,18.22,17.88
35027,76.54,74.53,81.51,86.88
35028,8.16,4.39,3.61,-0.66
35029,86.08,86.16,85.7,84.35
35031,54.02,60.1,57.94,54.05
35033,98.48,98.84,98.97,95.46
35035,59.41,61.49,69.59,76.4
35037,93.87,91.75,90.24,84.32
35039,57.36,52.54,47.78,39.2
35041,66.44,64.49,70.87,73.64
35043,25.77,26.79,30.69,31.33
35045,40.74,43.47,43.92,43.19
35047,99.3,99.2,98.44,93.65
35049,27.54,24.96,29.93,31.43
35051,96.84,97.93,97.89,96.16
35053,98.18,98.32,97.22,93.83
35055,80.12,78.08,72.88,64.66
35057,64.82,63.72,68.77,70.4
35059,80.07,85.71,89.86,91.29
35061,79.94,79.22,82.68,83.19
36001,12.86,12.84,12.51,14.01
36003,53.12,55.23,54.25,55.69
36005,38.98,42.25,45.72,49.86
36007,49.16,50.89,50.7,52.02
36009,50.48,53.33,51.87,52.37
36011,38.44,42.92,40.62,40.74
36013,50.05,50.08,53.09,57.58
36015,42.58,48.22,50.67,55.02
36017,75.81,78.47,77.23,78.02
36019,52.36,53.12,55.33,60.34
36021,54.28,53.51,48.87,46.08
36023,25.72,26.74,25.74,26.43
36025,59.29,58.17,62.18,67.72
36027,27.48,26.54,23.85,21.88
36029,27.44,27.76,27.96,29.43
36031,62.08,62.05,57.72,56.44
36033,47.72,48.99,52.77,59.71
36035,58.61,56.31,57.31,60.54
36037,38.9,44.28,43.2,43.88
36039,40.29,35.31,30.58,27.29
36041,90.6,96.6,92.88,91.42
36043,46.64,51.33,51.17,53.29
36045,34.48,37.37,38.64,43.03
36047,7.31,7.51,7.16,7.81
36049,38.92,40.89,41.09,43.51
36051,25.02,26.02,22.74,21.45
36053,19.52,22.99,22.31,23.68
36055,28.76,30.76,32.7,37.15
36057,53.2,56.73,56.06,57.53
36059,2.08,2.01,2.25,2.69
36061,7.18,7.86,8.28,9.67
36063,31.33,33.78,34.71,37.08
36065,44.9,43.68,38.49,35.56
36067,22.3,23.04,23.69,26.63
36069,20.06,21.5,23.1,26.75
36071,18.69,18.01,16.85,16.73
36073,63.48,62.57,58.65,56.7
36075,45.56,47.94,45.84,46.08
36077,30.91,33.83,34.92,38.2
36079,8.68,7.71,6.47,5.78
36081,5.07,5.14,5.41,6.39
36083,28.76,30.41,32.49,36.19
36085,6.63,6.4,6.34,7.42
36087,4.33,4.1,3.53,3.92
36089,55.51,56.22,56.24,59.65
36091,13.74,13.2,12.94,14.72
36093,28.08,25.73,26.53,29.1
36095,54.14,55.83,56.28,58.61
36097,57.72,61.83,61.12,62.24
36099,59.25,63.0,61.46,62.55
36101,51.12,50.72,48.84,49.12
36103,5.04,5.06,5.02,5.87
36105,54.08,57.39,56.0,55.85
36107,38.76,41.26,43.53,47.48
36109,3.84,4.28,5.0,7.42
36111,33.26,33.01,35.15,38.16
36113,43.3,44.72,44.4,46.45
36115,37.93,40.93,45.53,52.6
36117,43.3,43.96,44.8,48.35
36119,4.02,4.37,4.62,5.18
36121,30.91,34.05,31.03,29.95
36123,24.12,22.66,18.42,16.56
37001,40.51,39.04,36.01,33.63
37003,71.65,72.0,70.33,70.36
37005,89.12,93.0,87.86,84.21
37007,74.9,70.14,71.57,74.32
37009,50.26,52.27,53.7,56.81
37011,86.04,82.71,78.91,77.16
37013,75.89,76.03,72.81,70.16
37015,89.64,88.39,92.12,95.63
37017,88.04,85.06,78.19,72.73
37019,67.88,66.93,62.51,59.1
37021,33.06,31.47,29.9,29.42
37023,84.6,83.78,84.14,86.14
37025,8.86,8.87,8.79,10.42
37027,74.54,73.09,73.99,76.34
37029,34.43,31.99,38.35,45.09
37031,80.44,80.53,76.53,72.78
37033,80.93,74.09,75.09,76.18
37035,38.38,37.57,34.69,33.51
37037,43.58,47.56,45.11,43.4
37039,85.4,85.4,83.6,83.21
37041,51.64,51.64,58.87,66.27
37043,69.82,73.28,76.34,80.72
37045,59.7,57.13,51.65,48.3
37047,83.8,82.36,80.46,79.49
37049,65.27,62.45,57.58,52.99
37051,60.38,63.66,62.52,62.51
37053,39.68,40.63,36.05,31.94
37055,35.68,29.52,23.22,16.99
37057,60.24,57.34,53.34,51.16
37059,43.1,49.03,51.15,55.27
37061,76.26,79.3,78.18,78.05
37063,6.43,6.26,5.53,5.45
37065,66.8,62.69,59.44,56.31
37067,9.8,8.39,9.81,12.71
37069,48.2,50.79,53.06,56.1
37071,53.9,52.19,48.86,47.86
37073,82.16,88.72,90.25,92.59
37075,80.52,84.2,86.48,90.06
37077,61.58,56.11,51.47,47.33
37079,91.9,93.38,91.39,89.63
37081,12.04,12.28,13.31,15.43
37083,84.48,78.74,77.99,77.92
37085,31.3,30.31,34.77,40.43
37087,65.92,67.78,67.4,68.02
37089,50.48,46.1,44.05,43.51
37091,84.48,87.87,90.06,92.53
37093,51.68,61.52,66.34,72.46
37095,54.12,38.61,38.85,39.19
37097,26.56,26.6,23.79,22.86
37099,30.29,36.18,37.14,39.77
37101,36.42,37.41,36.28,36.2
37103,96.9,96.87,96.0,95.15
37105,42.56,47.43,53.39,60.38
37107,94.48,94.93,94.33,94.02
37109,47.74,45.66,43.02,42.38
37111,86.52,86.29,85.86,87.36
37113,65.61,68.12,70.47,74.12
37115,54.01,59.84,62.79,66.81
37117,78.94,79.48,81.64,83.96
37119,2.61,1.79,1.63,3.44
37121,87.22,84.26,82.3,82.25
37123,42.78,44.05,53.46,64.74
37125,49.3,52.38,51.76,52.77
37127,57.02,57.21,57.55,58.18
37129,23.12,23.01,21.52,20.97
37131,90.18,85.23,83.73,82.44
37133,63.1,66.03,61.56,57.41
37135,2.9,2.87,2.2,2.0
37137,88.38,87.46,85.35,83.6
37139,44.26,44.38,46.73,49.17
37141,65.18,60.86,59.97,59.94
37143,59.48,51.93,57.11,62.32
37145,78.16,76.02,78.66,81.48
37147,22.62,23.79,28.67,34.07
37149,66.46,71.53,75.27,80.54
37151,45.08,50.83,56.31,63.13
37153,74.54,72.91,70.37,69.22
37155,60.01,58.99,57.71,57.51
37157,57.02,52.8,54.4,56.88
37159,52.96,51.51,52.94,56.21
37161,85.26,83.44,83.36,84.97
37163,78.03,76.24,63.36,51.68
37165,77.8,71.85,67.12,63.8
37167,48.71,43.66,47.68,53.01
37169,49.55,48.84,57.2,66.83
37171,82.52,83.38,83.25,84.99
37173,61.72,72.99,74.89,78.38
37175,56.58,57.48,52.94,49.96
37177,89.72,92.33,90.52,88.67
37179,4.42,3.83,4.39,6.72
37181,78.4,71.84,72.81,74.18
37183,2.05,2.39,2.25,3.27
37185,85.52,82.63,82.07,82.01
37187,92.44,92.42,92.98,93.63
37189,11.78,12.2,12.2,13.9
37191,62.16,59.9,55.79,52.32
37193,73.84,75.6,75.27,76.52
37195,49.76,51.64,49.85,48.61
37197,63.46,63.22,59.51,57.72
37199,79.52,75.43,73.53,73.2
38001,9.92,6.31,16.64,25.8
38003,34.54,39.15,29.26,20.09
38005,21.16,34.35,43.08,51.54
38007,10.36,15.59,20.18,22.74
38009,40.37,46.43,46.54,45.72
38011,9.14,8.69,8.28,6.4
38013,2.63,1.5,2.96,3.44
38015,7.5,6.5,7.39,6.91
38017,5.94,4.92,4.64,4.99
38019,10.02,6.43,7.2,7.62
38021,7.53,8.83,7.29,5.69
38023,46.61,38.73,35.5,31.19
38025,29.9,28.86,29.07,27.52
38027,51.05,73.13,75.94,78.73
38029,51.0,53.8,47.32,40.12
38031,11.72,10.82,15.77,21.32
38033,40.45,40.7,51.03,59.49
38035,7.93,7.52,5.59,4.06
38037,34.15,38.84,38.36,36.65
38039,45.9,45.0,37.62,30.2
38041,24.13,20.55,27.13,31.77
38043,26.1,27.21,19.55,11.71
38045,16.19,14.89,13.05,11.04
38047,18.26,14.49,12.08,9.13
38049,20.35,23.47,23.53,22.82
38051,49.42,37.24,30.69,24.14
38053,2.56,3.57,5.61,5.37
38055,8.31,7.98,7.36,5.51
38057,12.78,10.52,13.24,14.26
38059,4.47,4.26,2.69,-0.04
38061,5.11,8.52,22.37,34.54
38063,32.06,38.73,54.88,70.53
38065,18.77,27.26,22.11,15.36
38067,22.38,19.25,19.19,19.65
38069,9.8,9.62,6.61,2.94
38071,46.8,48.28,55.7,62.76
38073,36.96,45.25,37.2,29.4
38075,27.4,39.8,44.5,48.3
38077,8.04,10.16,13.4,16.73
38079,42.3,51.52,53.5,55.28
38081,22.19,26.55,24.68,22.56
38083,28.4,30.74,23.82,15.89
38085,8.44,11.3,19.14,25.86
38087,64.52,68.25,71.38,72.22
38089,7.53,8.91,7.45,3.56
38091,37.55,32.39,20.08,7.81
38093,36.86,37.59,43.36,49.22
38095,20.36,29.84,36.77,43.85
38097,16.92,19.06,17.36,16.39
38099,47.8,42.02,41.4,41.15
38101,7.05,7.28,7.37,6.46
38103,48.5,61.37,50.35,38.78
38105,3.88,4.76,8.36,10.42
39001,84.97,83.58,85.22,88.81
39003,49.18,49.69,54.0,60.88
39005,37.63,35.14,34.05,35.63
39007,56.84,58.22,58.41,60.18
39009,56.29,59.17,59.39,62.26
39011,14.53,11.99,13.6,17.56
39013,59.7,58.61,56.06,55.15
39015,55.58,58.01,61.34,66.05
39017,18.77,20.14,19.21,20.2
39019,39.3,42.06,49.28,57.98
39021,51.7,55.14,55.34,58.22
39023,61.32,62.76,61.96,63.87
39025,27.1,28.91,32.19,36.78
39027,50.22,54.37,58.06,63.64
39029,55.89,56.84,58.33,61.28
39031,43.33,50.62,51.4,54.18
39033,63.48,62.22,63.22,67.38
39035,45.24,46.15,44.4,44.61
39037,39.72,36.49,34.17,33.68
39039,26.28,24.66,21.66,20.8
39041,1.28,1.39,1.52,5.21
39043,40.3,43.02,42.56,44.49
39045,31.13,32.28,31.17,33.01
39047,59.42,60.91,69.98,81.88
39049,14.25,13.56,14.0,17.8
39051,30.22,29.97,30.7,33.28
39053,83.52,84.85,84.43,85.91
39055,9.62,9.78,10.0,11.58
39057,23.43,24.76,25.49,28.89
39059,69.85,70.11,66.34,64.27
39061,22.32,21.71,20.45,20.49
39063,14.36,14.1,15.56,19.85
39065,36.56,39.81,41.8,46.29
39067,69.68,74.6,71.99,70.75
39069,32.17,28.36,25.49,24.73
39071,75.07,74.95,75.52,78.04
39073,67.1,67.73,66.58,67.91
39075,2.44,2.38,2.31,4.75
39077,32.19,32.27,33.85,38.08
39079,81.26,75.99,76.7,79.17
39081,72.92,72.24,71.19,71.93
39083,31.79,28.03,27.78,30.24
39085,23.0,25.38,28.63,33.24
39087,90.84,92.12,92.51,93.98
39089,42.14,47.69,48.96,52.71
39091,36.08,33.18,27.54,25.18
39093,48.6,47.59,42.63,40.07
39095,48.17,48.37,48.11,49.95
39097,48.17,48.27,50.34,55.52
39099,50.11,48.9,51.04,54.79
39101,81.31,80.18,75.86,75.04
39103,10.49,11.1,11.89,14.92
39105,91.82,93.04,92.91,95.0
39107,14.27,15.18,13.04,12.72
39109,31.85,34.47,31.88,31.79
39111,85.02,88.62,86.76,86.24
39113,48.26,47.85,47.63,49.91
39115,88.71,90.79,90.55,92.6
39117,41.32,42.07,46.31,53.53
39119,59.52,62.83,58.56,56.55
39121,69.62,80.93,84.41,89.63
39123,51.64,52.73,51.69,52.9
39125,64.26,67.15,64.89,65.08
39127,64.05,65.84,72.0,80.68
39129,46.62,48.72,51.2,56.49
39131,94.38,95.06,94.09,94.92
39133,26.71,28.16,28.28,29.61
39135,56.14,57.85,55.84,55.61
39137,7.31,7.35,6.77,8.94
39139,53.08,55.09,58.3,64.4
39141,81.89,84.52,85.04,87.91
39143,45.1,49.3,48.76,50.72
39145,90.3,90.76,91.74,94.29
39147,39.3,42.3,41.94,44.29
39149,23.38,23.83,28.16,35.21
39151,29.24,29.55,29.56,31.01
39153,24.13,24.91,26.78,30.19
39155,42.82,43.57,47.63,53.31
39157,38.0,39.27,40.69,43.62
39159,15.08,15.15,12.32,13.13
39161,42.08,39.59,39.12,41.03
39163,88.27,88.57,87.3,88.37
39165,5.11,5.88,7.04,9.82
39167,83.12,84.38,82.13,81.87
39169,15.95,18.45,21.08,26.04
39171,43.22,45.32,51.06,59.06
39173,13.3,14.31,16.27,20.54
39175,30.8,32.86,33.46,37.03
40001,78.42,78.38,81.12,82.52
40003,57.72,62.65,63.57,61.69
40005,92.92,91.84,92.31,90.89
40007,6.14,8.3,18.42,26.43
40009,45.67,47.77,44.06,37.56
40011,84.94,81.77,75.8,66.41
40013,87.2,87.72,87.2,84.92
40015,85.22,87.07,85.49,80.56
40017,28.86,28.47,28.04,24.42
40019,75.44,77.16,78.76,77.79
40021,64.39,65.96,73.51,79.43
40023,87.95,89.59,92.1,92.69
40025,41.22,44.15,65.45,83.55
40027,27.54,28.3,30.7,29.2
40029,88.86,92.45,94.48,94.2
40031,75.95,78.15,79.96,78.86
40033,80.87,83.57,86.0,85.61
40035,91.26,89.83,89.87,87.67
40037,36.54,32.62,32.02,28.55
40039,28.37,27.04,25.37,20.95
40041,93.41,93.77,91.99,88.16
40043,47.66,50.7,53.48,53.65
40045,37.39,47.28,63.69,77.73
40047,39.68,41.69,47.74,50.69
40049,42.71,46.33,48.8,47.91
40051,56.31,61.42,65.6,66.62
40053,61.14,75.79,78.66,78.69
40055,90.07,92.11,89.18,83.36
40057,79.18,80.97,83.81,84.12
40059,25.57,28.74,52.98,74.52
40061,95.42,96.71,96.09,93.64
40063,87.42,88.34,82.45,74.05
40065,54.52,59.97,57.17,51.61
40067,93.96,95.33,95.4,92.81
40069,96.16,95.19,94.86,91.56
40071,77.45,83.39,81.27,76.77
40073,56.21,49.32,37.25,21.54
40075,86.63,88.41,86.74,82.17
40077,95.21,95.34,95.23,93.35
40079,89.48,91.41,90.95,88.54
40081,79.68,79.0,80.76,79.59
40083,30.08,30.52,36.19,38.46
40085,73.6,81.05,85.35,87.09
40087,30.42,29.57,32.28,31.36
40089,82.92,85.34,86.23,85.06
40091,95.82,95.73,95.77,93.66
40093,66.62,63.68,63.52,60.89
40095,99.49,99.66,97.35,92.65
40097,89.14,90.43,92.57,92.36
40099,86.76,93.78,93.58,90.48
40101,71.38,69.79,75.0,77.84
40103,66.41,68.45,64.27,57.2
40105,69.12,62.38,60.32,56.33
40107,83.16,79.54,76.12,70.14
40109,30.58,30.76,31.74,29.01
40111,80.47,82.23,85.15,85.71
40113,74.77,71.99,71.44,68.78
40115,78.29,81.48,82.61,81.59
40117,67.3,62.36,56.4,47.72
40119,16.27,16.19,18.06,17.17
40121,92.14,94.24,94.55,93.03
40123,49.68,54.81,53.73,50.12
40125,71.36,72.7,70.8,66.3
40127,98.93,99.1,99.25,97.6
40129,39.42,50.78,50.77,48.14
40131,45.4,43.01,47.41,49.08
40133,87.2,89.05,90.73,89.48
40135,94.67,93.57,93.72,92.11
40137,81.66,82.85,84.29,82.71
40139,2.84,1.81,1.55,-1.44
40141,67.1,70.13,78.56,84.22
40143,31.13,31.66,31.32,28.01
40145,53.99,58.41,64.33,67.6
40147,55.41,53.38,52.8,50.21
40149,22.54,24.61,43.26,59.0
40151,44.96,53.69,61.01,65.68
40153,34.44,49.25,59.48,67.1
41001,88.58,89.47,91.14,90.34
41003,11.16,11.62,11.47,9.59
41005,17.45,16.14,16.88,15.38
41007,80.31,80.12,78.24,74.71
41009,62.96,64.52,61.99,58.22
41011,93.98,93.68,93.72,90.85
41013,88.76,88.12,84.22,77.43
41015,93.2,89.21,88.54,85.19
41017,24.26,23.68,21.19,15.77
41019,86.79,85.51,84.06,79.94
41021,89.4,87.55,77.12,63.76
41023,87.42,93.46,94.8,93.53
41025,85.14,88.65,83.76,76.65
41027,7.92,5.29,6.97,6.24
41029,60.61,55.82,51.65,45.03
41031,63.77,66.93,67.78,65.33
41033,80.18,80.29,80.59,78.76
41035,82.11,81.61,78.43,72.86
41037,88.78,82.2,78.68,72.23
41039,61.32,62.32,62.21,59.97
41041,90.08,89.74,90.07,88.28
41043,67.88,67.07,65.8,62.19
41045,59.39,57.03,55.71,51.72
41047,44.96,43.66,44.11,42.21
41049,48.74,52.06,57.08,59.65
41051,26.68,24.34,22.84,19.29
41053,45.43,44.6,40.47,34.23
41055,81.34,88.71,89.8,87.8
41057,80.69,85.64,84.84,82.07
41059,51.97,57.0,60.19,60.92
41061,59.96,58.33,56.3,51.49
41063,89.51,84.83,80.21,72.99
41065,72.92,72.38,71.68,67.62
41067,7.05,6.53,6.59,4.53
41069,96.0,96.68,93.69,87.92
41071,49.22,49.1,47.79,44.04
42001,30.76,30.75,31.4,33.91
42003,28.46,28.62,29.54,32.31
42005,75.47,75.46,72.04,70.84
42007,47.04,50.18,51.21,53.81
42009,67.44,66.63,62.4,59.79
42011,29.72,30.03,32.12,35.74
42013,64.93,66.17,63.93,63.68
42015,46.66,48.05,44.89,43.41
42017,11.16,11.25,10.37,11.11
42019,20.33,20.82,21.65,24.02
42021,72.38,73.05,72.66,74.11
42023,77.58,76.29,78.89,83.66
42025,59.7,57.5,59.35,62.91
42027,5.73,5.28,4.28,5.57
42029,2.37,2.6,3.03,4.96
42031,61.65,60.34,56.08,53.8
42033,74.48,78.26,78.32,81.11
42035,53.64,58.07,60.8,65.16
42037,24.36,27.81,30.01,34.28
42039,60.92,65.68,67.48,72.02
42041,14.94,15.8,16.83,20.06
42043,27.04,25.47,25.02,26.84
42045,17.4,17.59,17.11,17.72
42047,58.5,55.81,54.52,55.4
42049,47.68,48.24,48.75,51.76
42051,75.15,78.51,79.97,83.55
42053,99.56,99.1,98.61,100.28
42055,30.53,36.42,40.52,46.44
42057,56.22,57.07,56.41,57.33
42059,80.94,79.87,79.19,80.47
42061,59.42,60.47,58.93,59.21
42063,44.1,47.43,51.18,56.75
42065,55.51,56.08,54.87,56.11
42067,36.2,36.12,33.32,32.64
42069,50.19,50.75,50.79,51.77
42071,17.27,18.28,17.06,17.81
42073,63.27,67.62,67.31,68.89
42075,26.94,27.14,28.36,31.36
42077,34.62,33.3,30.19,28.77
42079,51.94,51.08,51.39,53.11
42081,50.52,51.3,51.97,54.28
42083,72.13,73.39,75.18,79.02
42085,61.16,64.21,68.6,75.3
42087,62.14,58.1,51.37,46.6
42089,44.56,47.39,45.03,44.25
42091,6.63,6.55,6.81,8.41
42093,32.12,36.55,35.77,36.99
42095,22.14,21.74,20.43,20.4
42097,59.42,60.86,62.05,65.54
42099,33.27,35.57,34.44,35.37
42101,56.58,57.32,58.44,60.43
42103,63.7,65.07,63.81,63.64
42105,75.44,79.63,77.54,77.01
42107,68.68,67.78,69.05,71.79
42109,18.96,18.08,22.16,28.2
42111,59.16,59.17,59.85,62.47
42113,80.94,79.19,74.46,71.05
42115,62.2,62.5,59.46,57.9
42117,61.49,64.81,67.33,71.59
42119,25.02,24.62,27.16,31.88
42121,72.57,76.51,77.74,80.9
42123,66.24,64.12,58.48,54.94
42125,42.25,41.75,42.75,45.34
42127,68.91,69.85,72.66,76.63
42129,46.12,47.8,47.86,49.48
42131,35.02,31.72,30.33,30.18
42133,30.08,30.86,31.36,34.46
44001,13.26,11.55,8.91,6.8
44003,47.6,50.19,48.37,47.11
44005,22.62,23.76,20.34,17.67
44007,31.2,32.79,33.55,35.19
44009,13.2,13.81,12.61,11.71
45001,85.84,85.3,71.87,59.0
45003,34.98,32.65,36.18,40.24
45005,95.86,93.12,96.47,101.19
45007,56.64,56.54,56.74,57.6
45009,87.68,85.07,80.07,76.1
45011,94.59,93.96,91.86,90.88
45013,27.1,28.47,27.91,28.16
45015,34.34,35.74,35.29,35.71
45017,74.44,68.44,73.5,79.46
45019,11.33,10.22,9.84,10.19
45021,68.68,67.48,60.91,56.14
45023,74.36,75.95,72.16,70.05
45025,61.68,66.89,68.29,70.93
45027,95.05,95.12,93.61,93.03
45029,47.48,34.99,34.38,35.44
45031,76.09,76.38,75.54,76.22
45033,79.53,73.9,66.01,58.77
45035,21.86,21.81,24.51,28.06
45037,57.72,61.52,59.34,57.3
45039,79.15,80.53,73.18,66.78
45041,54.62,53.65,43.73,34.68
45043,54.87,56.64,57.14,58.54
45045,20.66,21.46,21.93,23.66
45047,53.96,56.44,47.39,39.07
45049,41.71,30.79,46.39,63.11
45051,60.04,60.66,61.7,63.46
45053,51.62,49.24,46.65,45.11
45055,52.24,57.18,61.33,66.54
45057,35.54,33.75,33.15,34.22
45059,81.2,82.06,75.11,69.13
45061,89.08,88.58,82.73,77.86
45063,27.57,29.94,31.86,34.4
45065,90.44,91.41,87.12,83.29
45067,72.11,70.92,62.03,53.74
45069,88.27,88.13,86.69,86.51
45071,42.31,42.92,45.83,50.06
45073,86.86,88.75,86.56,84.53
45075,62.5,56.49,47.08,38.21
45077,41.84,43.37,42.99,43.37
45079,22.57,26.55,30.26,34.48
45081,37.96,39.85,41.16,43.16
45083,48.68,46.99,45.34,45.69
45085,81.98,80.21,72.93,66.22
45087,82.52,83.32,83.61,85.71
45089,82.47,81.92,81.43,81.77
45091,11.75,9.04,8.11,8.99
46003,30.47,26.19,24.81,23.33
46005,18.99,12.99,14.84,16.87
46007,25.33,20.45,18.41,15.07
46009,27.97,23.57,23.58,22.17
46011,6.34,3.56,3.93,3.2
46013,11.0,12.5,11.47,10.32
46015,53.2,51.52,49.75,47.8
46017,60.25,55.92,54.83,53.59
46019,51.24,54.56,46.97,37.85
46021,28.43,28.12,27.5,26.22
46023,46.39,43.82,33.36,22.51
46025,45.78,27.26,19.03,10.77
46027,7.32,8.97,9.21,7.79
46029,28.14,29.35,30.46,30.98
46031,18.56,14.12,10.85,6.22
46033,51.52,52.84,56.74,58.18
46035,47.2,37.71,33.41,28.77
46037,25.66,13.07,12.66,11.73
46039,27.81,19.16,19.14,18.58
46041,8.04,5.46,4.95,3.15
46043,31.36,23.48,18.82,13.75
46045,14.68,6.78,6.13,5.22
46047,83.5,78.57,79.34,77.39
46049,35.57,31.54,31.36,30.54
46051,29.27,24.42,21.93,18.51
46053,41.04,27.85,19.64,10.88
46055,49.12,56.18,40.03,23.31
46057,10.96,4.68,2.87,0.59
46059,26.1,26.51,32.94,39.52
46061,21.86,20.7,15.17,9.01
46063,2.73,1.78,1.43,-0.38
46065,14.5,17.73,21.96,25.84
46067,50.94,46.55,37.02,26.69
46069,6.54,4.62,4.41,4.22
46071,30.28,21.34,13.22,3.85
46073,18.55,20.03,34.77,48.99
46075,15.42,4.89,2.88,0.34
46077,26.88,18.16,16.01,13.96
46079,15.99,15.13,22.87,28.89
46081,50.02,53.03,49.1,43.29
46083,0.76,0.67,0.77,-0.31
46085,11.75,8.29,17.54,26.46
46087,19.36,10.36,9.01,6.84
46089,67.4,64.08,50.89,37.66
46091,7.83,10.74,13.45,15.8
46093,29.35,23.05,22.83,20.92
46095,30.9,13.58,7.42,0.56
46097,29.93,25.89,39.08,51.54
46099,8.89,8.02,8.33,7.57
46101,12.08,12.81,20.15,26.05
46102,0.0,0.02,-0.06,-2.65
46103,36.07,34.01,36.33,36.84
46105,55.96,45.74,42.61,38.11
46107,43.28,28.23,24.66,20.39
46109,15.46,12.31,9.74,6.2
46111,26.58,18.11,23.88,29.29
46115,32.49,24.92,19.59,14.54
46117,2.61,2.84,15.39,27.6
46119,7.83,3.05,6.45,9.34
46121,21.36,4.89,1.59,-2.7
46123,11.03,4.8,3.21,1.05
46125,30.08,30.53,26.75,21.68
46127,9.83,7.74,11.35,13.66
46129,42.1,33.78,43.77,52.68
46135,35.07,41.89,40.3,37.44
46137,10.12,10.8,9.48,7.19
47001,76.71,76.72,80.05,84.07
47003,55.82,54.66,51.29,48.13
47005,97.61,98.54,98.05,97.65
47007,98.48,98.42,98.78,99.75
47009,44.06,40.75,37.14,34.67
47011,69.72,70.06,71.01,73.54
47013,95.66,96.74,97.95,99.93
47015,78.57,75.96,76.42,77.74
47017,88.33,90.81,89.19,87.29
47019,88.74,89.23,89.14,90.89
47021,39.68,37.04,42.19,48.13
47023,35.67,35.25,28.04,20.99
47025,87.78,88.26,90.41,93.56
47027,85.18,78.16,78.09,78.84
47029,93.78,94.44,93.63,93.96
47031,71.81,69.71,73.03,77.27
47033,80.66,78.31,71.95,64.78
47035,93.01,91.82,89.82,88.13
47037,17.18,16.1,15.83,15.48
47039,84.21,79.47,70.29,61.25
47041,66.33,58.9,64.88,71.42
47043,57.83,57.25,62.73,68.41
47045,77.62,79.75,78.13,75.48
47047,51.13,52.19,57.87,62.54
47049,94.62,95.24,95.57,96.11
47051,80.83,80.31,85.03,90.58
47053,73.46,78.92,80.34,80.95
47055,69.36,68.05,65.35,62.51
47057,92.98,94.42,95.11,96.94
47059,93.5,94.56,94.71,95.88
47061,97.4,96.68,96.88,97.75
47063,75.77,76.01,75.92,77.1
47065,36.2,36.19,39.53,43.96
47067,98.65,98.86,98.68,99.59
47069,76.42,78.47,82.34,85.37
47071,73.74,70.92,71.63,71.78
47073,91.96,92.46,92.04,92.68
47075,69.62,70.84,76.83,82.18
47077,71.28,73.96,71.42,69.24
47079,89.48,89.52,89.66,89.4
47081,86.1,83.25,75.7,68.58
47083,93.97,92.7,88.19,84.03
47085,89.27,89.88,86.47,83.01
47087,92.16,93.35,94.03,95.44
47089,82.12,82.8,84.35,86.84
47091,94.25,94.9,92.54,92.11
47093,24.12,21.99,20.31,19.54
47095,95.37,93.78,92.45,90.05
47097,91.96,91.46,91.27,90.39
47099,72.02,74.26,74.42,75.04
47101,77.2,74.07,73.77,73.67
47103,82.98,80.26,76.88,73.7
47105,53.24,48.52,39.54,31.34
47107,73.76,76.51,79.64,83.52
47109,80.94,79.36,76.44,72.95
47111,77.57,80.57,77.2,74.92
47113,47.3,44.63,45.14,45.23
47115,89.24,88.32,89.26,91.0
47117,55.38,58.26,56.19,54.64
47119,39.68,36.94,29.92,23.27
47121,87.41,81.88,80.31,79.76
47123,76.78,81.9,86.36,91.85
47125,37.4,40.5,45.49,50.97
47127,54.36,43.02,49.48,56.68
47129,91.68,90.68,92.09,93.95
47131,83.68,87.8,88.99,88.88
47133,50.97,53.14,58.73,64.94
47135,80.39,78.39,81.5,84.37
47137,86.79,88.15,91.8,96.2
47139,71.73,69.73,71.9,75.6
47141,38.92,43.04,42.61,42.63
47143,87.9,84.87,86.41,89.01
47145,85.36,83.54,80.62,78.13
47147,41.78,42.04,39.84,38.01
47149,8.52,9.41,9.96,11.29
47151,97.01,97.63,98.24,99.66
47153,93.26,92.79,91.97,92.03
47155,67.1,67.75,68.92,71.31
47157,22.62,22.51,23.58,23.58
47159,70.95,67.7,64.02,61.12
47161,87.25,86.69,83.62,80.9
47163,85.16,86.07,84.13,83.76
47165,30.93,34.0,35.28,36.82
47167,53.12,54.67,59.79,63.76
47169,68.29,70.63,64.08,58.24
47171,95.26,94.57,92.61,92.68
47173,74.74,76.66,79.7,84.13
47175,94.49,96.25,97.03,98.37
47177,80.98,83.66,84.52,85.66
47179,71.24,73.09,69.39,67.5
47181,84.78,84.83,83.81,82.8
47183,68.97,73.98,77.57,80.33
47185,82.56,81.74,76.46,71.45
47187,0.74,0.63,0.43,0.53
47189,26.23,25.26,25.16,25.27
48001,28.11,33.39,39.15,43.09
48003,7.03,3.68,7.28,8.65
48005,78.42,74.69,74.92,73.4
48007,90.54,88.36,79.25,69.06
48009,48.2,51.83,52.13,50.13
48011,37.38,24.77,14.7,2.44
48013,17.42,19.03,16.64,13.27
48015,27.97,22.64,30.58,36.83
48017,34.68,28.59,22.17,13.25
48019,78.92,80.25,82.31,83.1
48021,35.57,32.04,31.69,29.94
48023,76.76,83.54,82.88,79.19
48025,60.35,63.22,61.31,58.3
48027,40.22,42.49,41.96,39.36
48029,33.81,34.97,37.37,38.67
48031,61.83,62.62,63.69,62.88
48033,76.7,91.27,87.02,80.6
48035,67.43,67.05,71.59,73.95
48037,33.96,27.15,22.43,16.0
48039,5.07,5.04,4.41,3.1
48041,2.08,1.62,2.25,0.84
48043,88.28,85.21,74.31,60.76
48045,11.6,14.73,36.8,56.73
48047,69.68,74.74,81.48,87.03
48049,36.17,36.21,51.52,63.95
48051,59.54,54.88,51.29,45.69
48053,76.38,73.72,71.51,67.72
48055,36.07,34.19,38.21,40.67
48057,67.94,68.64,58.38,46.85
48059,74.06,75.11,79.94,81.81
48061,24.12,21.58,19.73,16.26
48063,54.54,48.48,49.89,48.91
48065,13.66,10.95,7.97,2.54
48067,64.24,66.34,71.46,75.38
48069,9.74,11.35,10.51,6.84
48071,19.23,12.99,11.03,8.73
48073,30.96,26.33,20.8,14.2
48075,69.91,66.93,56.93,44.12
48077,75.25,74.32,75.48,74.22
48079,56.01,51.88,58.93,63.25
48081,69.9,68.74,68.63,66.07
48083,34.02,40.37,55.84,69.24
48085,0.49,0.4,0.3,-2.3
48087,46.24,35.36,45.05,52.24
48089,38.11,33.76,29.53,23.3
48091,33.28,33.76,36.0,37.01
48093,77.98,79.46,78.68,75.25
48095,3.74,4.96,31.87,57.07
48097,39.68,37.37,33.38,26.49
48099,59.22,65.43,68.95,70.19
48101,80.94,79.1,83.36,84.48
48103,1.23,0.01,0.1,-2.27
48105,8.54,2.76,3.55,1.97
48107,71.22,75.29,75.7,73.67
48109,96.52,95.96,93.63,89.23
48111,28.89,24.03,28.75,30.86
48113,5.07,4.66,5.11,3.33
48115,66.62,74.55,78.45,80.25
48117,7.44,7.88,7.05,2.77
48119,73.52,75.68,80.26,82.34
48121,1.53,1.33,1.45,-1.13
48123,62.51,59.25,60.16,60.4
48125,92.22,89.89,88.24,83.86
48127,94.19,92.35,85.92,78.0
48129,60.65,51.12,30.92,8.77
48131,98.38,97.89,93.87,88.8
48133,88.73,91.48,88.28,81.94
48135,21.18,16.72,13.02,7.49
48137,95.18,99.43,94.52,87.8
48139,16.81,14.98,15.96,14.7
48141,34.7,34.68,32.55,29.29
48143,14.06,18.74,22.68,24.08
48145,85.48,86.34,88.32,87.29
48147,53.62,48.25,48.9,48.05
48149,41.2,44.64,44.98,43.59
48151,64.26,70.57,69.85,66.4
48153,27.81,22.12,24.23,24.03
48155,90.13,86.19,79.45,69.48
48157,1.28,0.56,1.1,0.18
48159,80.78,72.42,63.48,52.04
48161,73.6,78.89,80.93,80.15
48163,59.98,51.46,55.22,57.37
48165,16.37,13.49,18.11,20.24
48167,30.08,30.55,27.95,25.07
48169,35.34,41.31,48.74,53.66
48171,36.86,29.76,26.69,22.16
48173,0.14,0.82,2.39,1.38
48175,73.68,64.94,61.36,56.96
48177,74.88,70.27,67.37,63.5
48179,60.66,66.17,54.75,40.9
48181,60.41,60.42,55.45,48.73
48183,43.34,42.29,38.25,32.43
48185,32.76,33.55,36.73,37.79
48187,20.78,20.4,22.42,23.31
48189,14.36,16.39,15.35,11.66
48191,84.94,82.67,81.08,76.86
48193,93.6,92.21,90.95,86.83
48195,28.94,36.02,32.26,25.53
48197,91.93,91.33,90.06,85.67
48199,44.81,45.06,51.24,56.93
48201,4.09,3.37,3.81,3.05
48203,18.5,16.18,27.82,37.8
48205,22.02,22.96,29.4,32.91
48207,97.2,95.73,90.56,82.33
48209,4.18,3.34,4.59,4.46
48211,12.84,22.22,43.19,61.43
48213,64.31,62.96,67.01,68.22
48215,28.75,27.07,25.74,22.61
48217,71.25,70.38,70.63,68.14
48219,44.1,48.25,46.27,42.1
48221,29.78,23.31,23.59,21.96
48223,65.79,63.36,57.95,49.71
48225,70.58,71.64,77.24,80.46
48227,57.29,58.74,58.87,56.75
48229,98.48,98.74,96.8,93.41
48231,58.09,54.13,50.47,44.09
48233,71.74,72.9,66.84,58.38
48235,14.14,18.67,20.33,19.46
48237,71.74,61.76,57.5,50.84
48239,70.86,72.57,72.95,71.86
48241,80.55,73.44,66.6,59.09
48243,65.66,52.45,53.84,53.43
48245,34.83,35.8,39.87,43.59
48247,96.54,97.99,94.67,90.28
48249,54.57,50.18,51.6,51.87
48251,11.99,9.12,9.62,7.93
48253,88.3,89.79,81.75,70.68
48255,59.76,46.79,37.77,28.09
48257,21.22,20.31,18.8,14.58
48259,40.12,32.08,28.14,23.03
48261,91.3,93.61,76.49,58.84
48263,98.82,99.6,85.28,68.18
48265,78.53,77.31,72.0,64.89
48267,86.24,89.75,88.4,85.34
48269,10.2,18.27,23.53,25.77
48271,56.78,85.75,92.88,98.57
48273,46.86,45.68,39.6,32.42
48275,85.14,88.32,85.41,79.59
48277,72.51,71.92,75.37,76.92
48279,46.18,50.99,55.28,56.87
48281,72.19,76.17,82.01,86.01
48283,79.8,71.15,58.68,44.81
48285,68.46,66.25,55.72,44.11
48287,42.44,33.44,26.56,17.61
48289,54.48,67.44,70.57,71.09
48291,67.74,65.69,63.81,60.88
48293,65.78,62.92,61.37,57.53
48295,30.94,39.87,56.08,69.53
48297,71.0,75.95,77.55,78.43
48299,96.58,96.54,96.41,94.81
48301,92.12,85.21,91.49,96.2
48303,38.68,36.65,31.4,23.6
48305,82.36,87.88,88.89,87.22
48307,77.2,81.59,80.96,78.51
48309,27.1,28.85,29.63,28.15
48311,90.96,85.99,71.4,56.2
48313,53.27,54.29,57.16,57.39
48315,91.8,89.93,91.3,91.43
48317,10.48,6.99,11.21,12.79
48319,55.94,58.5,53.0,45.91
48321,50.9,60.18,60.0,58.65
48323,54.57,50.78,40.01,28.01
48325,52.43,56.64,61.57,65.29
48327,94.24,92.44,94.6,94.96
48329,5.94,3.92,4.52,2.69
48331,80.32,72.87,61.83,47.92
48333,86.28,93.69,93.45,90.45
48335,57.1,57.22,55.88,52.49
48337,79.99,81.9,79.98,75.37
48339,8.39,6.87,6.71,5.17
48341,18.61,9.46,7.03,1.72
48343,81.87,78.88,78.97,77.03
48345,81.61,79.33,78.32,74.61
48347,54.94,60.99,63.68,64.77
48349,69.42,63.63,63.73,61.56
48351,93.76,89.77,77.37,64.4
48353,73.21,75.58,79.67,81.2
48355,32.7,30.6,27.43,22.69
48357,9.8,9.7,12.7,12.87
48359,38.32,28.67,17.8,4.26
48361,61.8,62.12,61.47,60.58
48363,72.89,72.53,70.71,66.59
48365,64.82,64.02,65.04,64.44
48367,23.0,22.15,21.06,17.87
48369,32.68,30.68,28.66,23.31
48371,18.33,15.66,13.92,9.29
48373,91.39,88.9,89.28,88.21
48375,16.81,14.65,15.96,14.93
48377,89.08,87.86,89.67,89.98
48379,78.42,74.23,76.41,75.91
48381,15.08,14.2,12.95,9.51
48383,4.79,4.13,2.33,-1.89
48385,97.35,98.47,98.51,97.31
48387,79.87,73.14,69.68,64.5
48389,16.42,9.4,11.52,11.65
48391,92.1,92.54,89.36,85.73
48393,44.72,38.2,33.3,25.83
48395,40.78,37.08,42.58,45.65
48397,2.41,2.11,1.63,-1.73
48399,37.06,38.72,54.77,68.73
48401,55.89,56.5,52.57,46.81
48403,95.6,97.29,98.73,99.56
48405,98.17,98.46,98.6,97.58
48407,85.45,88.38,86.32,82.2
48409,44.26,44.9,53.28,60.4
48411,60.41,61.4,66.16,68.94
48413,5.94,4.67,4.36,1.42
48415,36.42,38.38,40.41,40.15
48417,74.06,75.41,77.24,75.84
48419,74.68,77.82,73.32,67.28
48421,58.61,55.14,50.91,43.54
48423,29.72,29.81,27.91,24.38
48425,16.9,17.01,24.96,30.78
48427,70.54,70.04,64.45,57.17
48429,72.57,82.12,82.91,80.6
48431,34.88,54.52,33.23,9.78
48433,85.45,79.5,64.5,46.62
48435,4.84,6.52,4.57,0.46
48437,70.22,68.03,66.31,61.89
48439,7.93,7.37,7.02,4.41
48441,53.58,50.2,48.57,44.33
48443,56.72,46.16,63.81,78.57
48445,59.56,65.52,59.01,50.06
48447,86.36,85.14,81.91,76.02
48449,39.72,34.89,33.3,29.22
48451,35.64,35.0,37.03,37.05
48453,2.51,1.85,2.14,0.76
48455,98.95,98.91,98.75,96.46
48457,95.98,96.26,96.11,94.96
48459,68.92,65.15,68.14,69.12
48461,12.91,3.66,2.56,-1.5
48463,36.88,43.37,57.73,70.9
48465,36.39,44.21,49.79,53.78
48467,70.98,71.41,65.43,56.25
48469,45.91,45.04,45.28,44.57
48471,3.5,2.76,3.87,2.74
48473,24.56,13.32,12.8,10.61
48475,25.39,18.75,13.64,6.78
48477,46.62,47.76,41.65,33.81
48479,17.18,15.81,16.03,15.39
48481,42.08,39.68,38.21,35.58
48483,50.19,50.75,52.17,51.08
48485,55.4,60.13,60.52,58.42
48487,87.08,92.05,92.54,90.38
48489,66.01,60.59,54.29,46.61
48491,4.85,5.04,5.58,4.76
48493,20.06,19.71,21.15,21.44
48495,20.16,13.69,10.61,5.81
48497,63.38,63.67,58.09,50.03
48499,89.06,86.8,85.56,81.97
48501,8.85,6.0,7.67,6.59
48503,49.56,48.19,37.64,24.69
48505,61.38,65.07,64.26,61.68
48507,94.86,93.82,84.36,73.3
49001,18.13,23.11,24.31,23.97
49003,25.09,23.74,22.24,19.44
49005,2.98,2.09,3.18,3.75
49007,47.3,46.57,48.26,48.52
49009,12.5,4.46,2.28,-2.62
49011,4.54,4.15,3.71,1.78
49013,17.5,21.03,25.75,28.44
49015,51.94,51.32,46.89,41.7
49017,43.1,39.43,48.45,55.57
49019,20.54,22.52,17.65,12.1
49021,11.24,10.62,13.61,14.52
49023,10.42,10.39,17.29,22.92
49025,47.4,38.39,53.57,66.97
49027,17.16,15.64,24.47,31.51
49029,0.64,0.68,0.94,-0.14
49031,92.48,97.0,98.27,98.38
49033,21.78,13.01,37.23,60.47
49035,4.16,4.2,4.32,2.41
49037,55.49,58.04,62.43,66.21
49039,19.16,20.98,19.58,17.14
49041,27.9,32.8,40.64,47.29
49043,0.09,0.25,-0.05,-1.67
49045,10.42,10.27,11.41,10.8
49047,10.76,10.3,14.39,16.19
49049,1.18,1.19,1.76,0.32
49051,1.39,1.73,1.64,-0.25
49053,26.19,25.94,24.01,20.11
49055,17.02,23.02,31.99,39.87
49057,13.93,14.28,13.44,11.17
50001,40.74,43.38,45.38,49.89
50003,65.92,67.48,66.78,67.65
50005,77.58,75.09,69.6,66.61
50007,14.61,15.66,15.69,18.37
50009,78.53,77.79,80.0,84.51
50011,21.86,22.12,23.65,27.44
50013,14.08,10.27,11.15,14.48
50015,17.76,18.52,22.95,29.89
50017,63.95,63.35,56.07,50.98
50019,58.08,58.78,59.74,63.2
50021,54.49,56.11,52.86,51.39
50023,21.96,27.18,27.16,29.7
50025,56.51,58.01,60.18,64.1
50027,56.67,56.86,51.05,47.38
51001,25.24,27.42,28.83,31.86
51003,3.02,2.95,3.39,5.4
51005,77.33,73.68,69.42,66.63
51007,31.69,32.98,36.94,41.92
51009,42.3,43.48,45.6,49.14
51011,60.49,61.71,58.55,56.95
51013,0.2,0.34,0.26,1.89
51015,31.79,27.38,27.87,29.5
51017,64.37,61.21,50.69,41.65
51019,38.22,36.89,33.5,31.4
51021,69.84,73.4,73.7,74.99
51023,41.26,43.14,33.1,24.32
51025,80.16,80.74,80.57,80.95
51027,96.32,97.19,98.19,100.37
51029,65.92,66.87,63.68,61.81
51031,46.56,49.36,44.95,41.58
51033,24.23,20.66,22.15,24.9
51035,73.66,73.07,72.87,73.87
51036,55.51,60.41,66.14,72.57
51037,87.47,86.96,85.91,85.65
51041,8.63,8.56,11.53,15.39
51043,11.02,11.0,15.3,21.38
51045,81.12,70.9,63.47,57.1
51047,12.9,14.81,19.4,25.43
51049,72.62,70.25,62.88,56.69
51051,97.42,97.84,98.53,99.77
51053,52.19,47.11,44.68,42.6
51057,22.35,29.16,39.33,50.22
51059,0.59,0.68,0.7,2.62
51061,7.5,7.0,6.31,7.36
51063,34.43,31.35,30.09,29.84
51065,28.6,25.83,25.34,25.73
51067,46.8,45.91,45.72,46.5
51069,15.93,16.8,17.77,20.58
51071,70.98,63.8,48.84,34.83
51073,53.46,60.39,61.19,63.19
51075,21.86,22.7,22.08,22.61
51077,75.48,78.42,78.16,78.98
51079,35.54,33.99,32.73,32.81
51081,69.42,58.52,57.82,57.13
51083,71.36,71.66,77.27,83.09
51085,5.48,5.7,7.13,9.25
51087,11.16,11.46,12.44,14.08
51089,82.79,84.19,87.33,91.57
51091,78.16,79.79,83.55,88.37
51093,27.18,37.57,42.24,48.12
51095,21.81,26.47,26.55,27.69
51097,29.38,36.06,32.16,29.07
51099,11.7,9.4,9.22,10.2
51101,9.57,12.86,14.85,17.6
51103,59.87,61.35,63.03,65.71
51105,97.48,97.88,97.9,99.01
51107,0.22,0.37,0.3,1.95
51109,56.81,60.24,60.73,62.46
51111,86.28,86.96,86.18,86.44
51113,25.86,26.59,27.75,29.99
51115,46.64,51.43,60.95,71.56
51117,84.61,84.61,82.66,81.26
51119,56.83,52.7,55.5,59.44
51121,6.34,5.76,6.23,7.5
51125,33.79,29.5,29.91,31.32
51127,8.14,7.97,7.05,7.17
51131,36.14,34.15,50.22,67.49
51133,43.34,41.46,39.27,38.18
51135,76.08,79.3,81.46,84.81
51137,47.9,57.37,58.32,60.89
51139,77.57,80.74,80.17,80.59
51141,74.32,71.2,73.1,76.08
51143,66.1,66.44,68.72,71.41
51145,10.38,12.94,14.33,16.83
51147,34.58,38.08,42.75,48.99
51149,36.86,37.2,34.51,32.33
51153,0.9,1.14,1.11,2.81
51155,71.56,74.7,76.6,79.51
51157,34.15,45.12,46.29,49.33
51159,29.78,23.95,32.48,41.93
51161,16.12,13.09,9.42,6.71
51163,40.69,35.96,41.76,48.36
51165,26.28,24.77,22.71,21.78
51167,94.92,96.71,97.48,99.36
51169,94.92,96.79,97.45,98.89
51171,42.79,42.53,46.3,51.73
51173,91.46,95.38,96.01,97.8
51175,54.55,52.38,55.52,59.02
51177,15.22,16.98,15.94,16.03
51179,2.55,3.0,2.81,4.05
51181,50.9,58.74,61.37,64.88
51183,74.63,70.56,70.12,70.36
51185,92.74,91.06,89.88,89.95
51187,35.75,36.85,37.86,40.47
51191,78.14,84.03,85.41,88.0
51193,53.02,45.53,48.21,51.6
51195,97.8,100.56,100.23,100.97
51197,75.44,76.62,75.9,76.16
51199,14.07,19.03,17.46,16.64
51510,0.58,0.66,0.75,2.53
51520,92.04,95.31,94.3,94.76
51530,39.68,45.28,48.25,52.15
51540,3.38,3.13,3.11,4.71
51550,9.01,10.91,12.17,14.32
51570,56.41,52.57,51.11,50.44
51580,77.82,70.59,49.89,30.57
51590,80.47,78.02,79.37,80.97
51595,62.64,39.94,35.87,32.03
51600,0.99,0.95,0.72,2.23
51610,0.25,0.35,0.35,2.32
51620,23.78,31.87,45.51,59.57
51630,12.12,17.33,18.74,21.51
51640,95.82,96.06,92.24,89.54
51650,38.27,45.89,48.19,51.81
51660,1.72,1.99,2.71,4.65
51670,80.83,81.08,75.86,71.34
51678,28.28,30.7,28.62,27.35
51680,24.13,25.08,25.18,27.0
51683,0.72,0.8,0.55,1.89
51685,3.44,4.88,4.51,5.98
51690,80.12,78.71,83.78,89.7
51700,39.73,49.73,49.32,50.14
51710,23.82,26.98,29.82,34.16
51720,82.12,90.96,92.92,95.94
51730,85.5,84.93,85.41,86.58
51735,18.11,25.36,24.25,24.16
51740,36.38,41.1,42.18,44.34
51750,22.88,20.45,17.86,16.32
51760,48.25,46.43,44.56,43.43
51770,54.62,45.58,33.66,22.79
51775,22.19,15.72,11.92,9.0
51790,53.12,49.42,46.93,45.52
51800,18.55,22.64,20.77,19.57
51810,9.74,11.26,12.84,15.41
51820,43.34,41.84,50.09,59.64
51830,7.1,11.11,9.87,9.68
51840,40.3,42.7,46.73,52.56
53001,9.9,13.31,15.04,15.55
53003,78.27,78.71,77.27,72.82
53005,31.96,35.99,36.9,35.99
53007,26.56,34.35,44.72,53.94
53009,83.13,82.09,82.96,83.07
53011,21.62,19.78,19.02,16.67
53013,89.1,92.95,89.83,84.75
53015,84.58,85.62,83.76,80.46
53017,72.68,78.52,81.31,82.74
53019,97.34,97.24,98.18,97.38
53021,9.92,13.1,16.57,18.2
53023,77.88,75.3,80.02,82.44
53025,20.92,20.46,21.78,21.58
53027,79.59,81.38,82.06,81.38
53029,48.18,49.0,49.18,48.4
53031,63.7,64.51,68.26,71.09
53033,5.07,4.66,4.98,3.94
53035,50.46,48.4,46.08,42.29
53037,29.32,30.43,30.07,28.32
53039,76.03,75.34,62.36,47.11
53041,85.84,84.76,82.31,78.54
53043,81.52,80.47,78.56,74.4
53045,86.79,85.51,82.9,79.18
53047,67.59,68.54,69.86,69.35
53049,98.64,98.63,96.71,93.9
53051,84.52,79.57,78.07,73.9
53053,30.28,29.25,27.89,25.06
53055,22.18,18.85,15.76,11.46
53057,42.79,44.83,41.74,37.97
53059,37.18,31.07,33.1,32.96
53061,17.18,16.24,16.03,14.66
53063,45.43,44.56,42.11,37.23
53065,78.89,78.64,80.08,78.81
53067,26.19,25.67,27.42,27.45
53069,94.84,94.47,94.17,92.72
53071,49.67,47.99,48.34,45.72
53073,29.82,27.49,26.83,25.33
53075,15.55,17.76,17.79,15.41
53077,25.36,25.89,26.78,25.95
54001,77.08,68.92,62.71,58.1
54003,41.18,46.08,42.47,40.79
54005,99.26,98.94,98.14,99.86
54007,78.24,79.12,80.96,84.84
54009,56.84,57.53,59.94,64.32
54011,78.9,77.0,75.12,74.83
54013,96.78,97.49,96.58,97.74
54015,98.42,99.1,99.17,101.09
54017,84.37,85.6,77.67,71.28
54019,98.24,98.28,98.13,99.92
54021,71.87,67.67,56.81,47.99
54023,74.07,73.36,68.98,66.53
54025,84.24,85.35,85.35,87.1
54027,95.88,96.27,95.88,97.13
54029,70.48,67.0,65.18,65.15
54031,55.47,45.96,42.42,40.27
54033,78.27,78.8,76.92,76.69
54035,67.45,64.97,70.54,78.53
54037,27.59,29.36,27.12,26.57
54039,75.6,71.97,71.51,73.32
54041,83.12,83.28,79.2,76.25
54043,98.8,98.21,96.12,95.88
54045,99.34,99.3,99.09,100.88
54047,99.84,99.92,99.74,101.22
54049,57.46,63.04,71.19,81.01
54051,56.45,66.79,69.1,73.02
54053,85.9,84.45,79.06,75.65
54055,98.14,98.6,97.41,97.03
54057,89.88,88.26,84.77,82.99
54059,99.64,99.55,99.6,101.04
54061,17.34,21.6,25.33,31.03
54063,97.92,96.68,90.99,86.65
54065,55.84,56.51,51.59,48.28
54067,85.52,83.78,85.24,88.07
54069,49.56,49.3,48.99,50.54
54071,83.11,78.27,70.27,64.04
54073,74.68,72.39,72.22,73.66
54075,94.28,95.07,94.73,95.07
54077,77.2,74.72,74.4,75.94
54079,23.91,21.35,19.52,19.45
54081,91.85,92.76,93.83,96.66
54083,71.16,64.84,59.65,55.83
54085,77.67,78.58,82.03,86.9
54087,95.19,97.29,98.02,100.9
54089,98.84,98.93,98.58,99.76
54091,81.41,76.66,78.49,82.28
54093,86.0,86.65,87.26,89.57
54095,68.75,67.5,70.54,75.1
54097,44.6,40.03,43.44,47.97
54099,95.73,96.24,95.27,95.85
54101,87.36,82.1,84.72,88.72
54103,71.9,75.97,76.56,78.38
54105,94.44,96.96,97.95,100.84
54107,73.66,74.53,74.17,75.88
54109,99.94,100.0,99.94,101.77
55001,88.49,89.24,88.82,89.03
55003,57.48,64.4,65.2,66.61
55005,36.68,39.0,34.56,30.33
55007,56.24,58.09,60.66,63.12
55009,11.03,10.27,9.83,10.67
55011,13.53,13.75,20.68,27.13
55013,63.0,62.17,64.82,67.49
55015,3.45,3.47,3.58,4.58
55017,24.76,24.09,19.56,15.74
55019,13.97,15.71,16.22,16.97
55021,12.9,13.41,14.31,15.05
55023,50.02,47.41,38.39,28.9
55025,2.67,2.11,2.44,2.84
55027,14.78,15.13,15.84,16.85
55029,31.33,33.72,31.6,30.28
55031,42.79,42.91,43.32,43.8
55033,18.51,22.02,21.48,21.44
55035,22.3,22.58,24.41,26.68
55037,80.0,83.57,78.72,73.81
55039,14.36,13.87,15.76,18.55
55041,68.06,65.36,60.06,55.04
55043,13.1,11.5,11.34,11.1
55045,18.69,17.98,18.74,19.82
55047,24.6,25.53,33.45,41.79
55049,20.47,19.84,16.61,13.4
55051,65.0,66.89,70.83,75.16
55053,30.28,29.6,29.96,30.42
55055,11.44,12.22,12.67,13.37
55057,65.1,65.07,63.06,61.36
55059,19.8,20.3,22.07,24.09
55061,22.58,19.85,20.44,22.74
55063,14.78,15.18,14.2,12.73
55065,15.88,18.35,18.19,17.77
55067,69.36,67.98,63.67,59.67
55069,28.48,31.17,33.71,36.4
55071,19.06,18.26,19.57,22.44
55073,14.47,14.72,15.64,17.07
55075,60.7,63.92,64.22,64.57
55077,57.48,56.91,63.45,70.71
55078,47.36,52.46,55.96,59.98
55079,26.68,24.53,22.98,21.12
55081,32.63,36.73,35.08,32.93
55083,29.24,33.6,34.35,35.12
55085,39.16,35.95,37.18,38.3
55087,7.18,7.85,8.23,9.63
55089,2.73,1.9,2.16,2.86
55091,17.27,18.57,21.39,23.92
55093,7.02,9.08,9.51,10.07
55095,28.72,32.45,32.83,33.91
55097,13.44,12.99,13.35,14.21
55099,52.36,53.59,52.34,51.63
55101,26.19,25.77,27.01,28.02
55103,27.18,24.35,25.87,27.03
55105,37.7,35.84,33.38,31.02
55107,65.4,68.51,65.59,63.18
55109,2.98,2.92,2.88,3.2
55111,23.52,20.82,20.74,20.56
55113,47.3,46.92,47.27,47.78
55115,21.82,22.42,27.06,31.97
55117,9.71,8.87,8.18,8.45
55119,21.54,20.89,20.06,19.68
55121,10.12,8.1,8.11,7.5
55123,14.28,12.73,10.56,7.66
55125,63.38,63.65,62.46,60.98
55127,17.67,18.95,18.16,17.76
55129,54.32,57.05,57.58,58.09
55131,7.31,7.39,6.89,6.76
55133,5.73,5.1,4.87,4.64
55135,36.86,37.56,38.36,39.99
55137,51.12,50.4,52.9,56.33
55139,16.06,17.34,18.91,21.47
55141,30.96,36.57,40.63,44.92
56001,5.74,6.24,6.06,3.65
56003,52.82,46.61,46.79,45.45
56005,5.82,8.32,8.31,6.47
56007,18.26,14.8,16.43,16.35
56009,55.94,58.37,47.78,35.09
56011,6.2,4.1,5.65,5.59
56013,41.32,42.22,43.96,42.84
56015,43.22,45.28,52.49,58.27
56017,54.55,50.59,57.03,60.66
56019,33.44,36.65,37.48,36.04
56021,26.33,28.88,32.12,33.39
56023,17.78,16.93,22.95,28.37
56025,39.26,41.21,40.64,37.76
56027,71.89,67.36,57.79,45.77
56029,21.38,22.89,19.78,14.54
56031,62.59,53.57,57.72,60.08
56033,31.79,27.06,24.31,19.35
56035,24.13,24.75,37.01,48.17
56037,18.27,19.94,23.69,25.04
56039,0.46,0.55,0.9,-0.99
56041,53.5,63.05,57.49,50.39
56043,60.7,46.2,39.32,29.84
56045,37.96,39.53,38.46,35.44
