FIPS,2019 kals,2020 kals
01001,101.3,101.28
01003,67.6,67.59
01005,27.2,27.22
01007,21.0,21.04
01009,23.7,23.67
01011,24.7,24.71
01013,40.6,40.58
01015,106.3,106.35
01017,58.0,57.97
01019,46.5,46.48
01021,41.2,41.2
01023,37.5,37.48
01025,66.3,66.31
01027,84.5,84.49
01029,14.5,14.46
01031,79.8,79.78
01033,156.9,156.91
01035,110.5,110.49
01037,0.0,0.01
01039,94.2,94.2
01041,33.1,33.12
01043,87.1,87.11
01045,34.0,34.03
01047,65.0,64.96
01049,62.6,62.58
01051,28.1,28.11
01053,76.6,76.61
01055,102.8,102.8
01057,48.5,48.5
01059,92.3,92.3
01061,15.1,15.1
01063,25.2,25.19
01065,22.2,22.21
01067,52.3,52.31
01069,146.1,146.09
01071,82.3,82.35
01073,143.5,143.5
01075,13.8,13.78
01077,58.5,58.45
01079,30.4,30.43
01081,39.5,39.49
01083,33.1,33.13
01085,9.2,9.24
01087,10.6,10.6
01089,97.8,97.81
01091,72.3,72.3
01093,108.7,108.74
01095,97.2,97.18
01097,108.4,108.39
01099,48.9,48.9
01101,93.2,93.2
01103,69.2,69.17
01105,15.3,15.29
01107,33.6,33.59
01109,36.6,36.57
01111,56.1,56.12
01113,34.6,34.6
01115,61.9,61.88
01117,76.9,76.91
01119,38.0,38.03
01121,41.3,41.33
01123,47.0,46.99
01125,96.5,96.5
01127,132.7,132.72
01129,28.1,28.12
01131,26.5,26.48
01133,66.8,66.76
02013,10.6,10.61
02016,2.5,2.5
02020,56.0,55.97
02050,6.9,6.91
02060,4.1,4.15
02063,0.0,0.0
02066,0.0,-0.0
02068,8.3,8.3
02070,4.9,4.89
02090,29.5,29.5
02100,1.2,1.2
02105,5.3,5.29
02110,36.2,36.2
02122,53.0,53.0
02130,50.4,50.4
02150,18.3,18.32
02158,0.0,-0.01
02164,0.3,0.25
02170,30.7,30.72
02180,2.2,2.2
02185,3.1,3.09
02188,2.7,2.71
02195,68.8,68.8
02198,23.0,22.98
02220,16.6,16.59
02230,5.2,5.21
02240,12.7,12.69
02275,6.7,6.72
02282,5.3,5.29
02290,1.2,1.19
04001,7.3,7.33
04003,37.9,37.9
04005,34.9,34.92
04007,46.4,46.39
04009,44.0,44.02
04011,2.5,2.47
04012,18.7,18.7
04013,46.5,46.5
04015,70.6,70.6
04017,47.1,47.08
04019,52.3,52.3
04021,11.5,11.53
04023,8.4,8.39
04025,49.4,49.38
04027,24.6,24.6
05001,74.7,74.69
05003,28.3,28.29
05005,126.7,126.72
05007,44.3,44.26
05009,73.9,73.92
05011,80.7,80.67
05013,16.2,16.16
05015,37.2,37.15
05017,93.4,93.39
05019,56.8,56.79
05021,76.3,76.31
05023,50.6,50.6
05025,2.5,2.51
05027,52.2,52.23
05029,38.0,38.04
05031,167.8,167.75
05033,55.1,55.08
05035,69.0,69.02
05037,60.3,60.32
05039,40.2,40.19
05041,94.1,94.12
05043,93.5,93.52
05045,63.2,63.16
05047,42.7,42.67
05049,63.0,63.02
05051,119.7,119.72
05053,13.7,13.71
05055,100.2,100.23
05057,39.8,39.76
05059,40.2,40.15
05061,69.6,69.61
05063,140.3,140.28
05065,80.7,80.73
05067,46.4,46.41
05069,106.1,106.1
05071,62.9,62.94
05073,92.0,91.96
05075,42.6,42.65
05077,69.5,69.52
05079,13.3,13.27
05081,87.6,87.59
05083,21.1,21.12
05085,18.8,18.81
05087,34.9,34.9
05089,10.0,10.01
05091,79.6,79.61
05093,60.4,60.37
05095,11.6,11.6
05097,80.9,80.89
05099,20.9,20.96
05101,2.2,2.19
05103,69.3,69.31
05105,13.0,13.01
05107,92.0,91.95
05109,37.7,37.72
05111,81.1,81.16
05113,54.2,54.2
05115,46.5,46.46
05117,19.4,19.4
05119,149.5,149.51
05121,31.3,31.23
05123,44.9,44.9
05125,43.6,43.6
05127,57.3,57.27
05129,29.3,29.26
05131,131.4,131.4
05133,17.7,17.65
05135,48.4,48.38
05137,94.5,94.49
05139,121.2,121.22
05141,43.9,43.92
05143,82.9,82.89
05145,55.9,55.9
05147,27.3,27.28
05149,35.6,35.65
06001,20.4,20.38
06003,24.1,24.09
06005,29.4,29.35
06007,70.0,70.03
06009,27.7,27.73
06011,27.3,27.29
06013,25.8,25.8
06015,56.2,56.21
06017,30.0,30.03
06019,46.2,46.18
06021,36.4,36.42
06023,55.6,55.61
06025,27.6,27.6
06027,26.2,26.18
06029,37.4,37.41
06031,36.2,36.25
06033,34.6,34.58
06035,46.5,46.5
06037,26.8,26.82
06039,19.4,19.39
06041,22.5,22.51
06043,17.3,17.33
06045,59.3,59.28
06047,36.5,36.52
06049,31.2,31.2
06051,30.8,30.79
06053,28.6,28.62
06055,27.2,27.18
06057,42.1,42.09
06059,31.8,31.77
06061,48.8,48.81
06063,46.8,46.8
06065,29.6,29.6
06067,37.0,36.98
06069,15.9,15.87
06071,37.5,37.5
06073,27.8,27.81
06075,34.5,34.52
06077,27.4,27.41
06079,45.3,45.31
06081,19.8,19.81
06083,43.0,43.01
06085,20.0,20.02
06087,29.0,28.98
06089,70.6,70.59
06091,5.5,5.49
06093,61.1,61.1
06095,22.9,22.91
06097,33.3,33.32
06099,59.6,59.58
06101,75.5,75.45
06103,42.6,42.58
06105,36.0,35.99
06107,39.3,39.27
06109,65.8,65.82
06111,32.9,32.89
06113,24.7,24.74
06115,32.1,32.12
08001,32.0,31.98
08003,42.5,42.48
08005,44.0,43.97
08007,38.1,38.08
08009,48.3,48.31
08011,48.8,48.79
08013,44.0,44.01
08014,42.6,42.59
08015,40.5,40.49
08017,16.8,16.77
08019,2.7,2.7
08021,30.7,30.66
08023,1.2,1.23
08025,4.8,4.76
08027,3.5,3.53
08029,37.5,37.5
08031,40.1,40.11
08033,74.7,74.72
08035,26.7,26.7
08037,49.8,49.79
08039,10.5,10.52
08041,48.6,48.61
08043,36.3,36.29
08045,32.9,32.88
08047,0.5,0.52
08049,12.7,12.72
08051,24.4,24.41
08053,14.9,14.9
08055,44.9,44.91
08057,18.4,18.41
08059,39.9,39.91
08061,18.0,18.04
08063,36.8,36.79
08065,13.0,13.0
08067,53.7,53.7
08069,40.8,40.8
08071,70.3,70.29
08073,18.6,18.59
08075,31.8,31.81
08077,57.2,57.21
08079,0.1,0.09
08081,38.4,38.4
08083,37.2,37.21
08085,41.9,41.88
08087,24.9,24.89
08089,45.6,45.66
08091,17.0,17.02
08093,0.5,0.47
08095,31.2,31.18
08097,33.2,33.21
08099,24.2,24.17
08101,74.1,74.09
08103,31.9,31.91
08105,63.6,63.58
08107,38.8,38.81
08109,0.0,0.01
08111,0.0,0.02
08113,19.5,19.48
08115,24.1,24.1
08117,32.0,32.0
08119,23.3,23.3
08121,4.3,4.3
08123,22.9,22.9
08125,39.6,39.61
09001,37.4,37.4
09003,43.6,43.6
09005,24.2,24.2
09007,32.2,32.22
09009,51.3,51.28
09011,38.5,38.49
09013,19.6,19.6
09015,31.4,31.4
10001,38.8,38.81
10003,53.5,53.49
10005,56.8,56.77
11001,39.9,39.88
12001,100.2,100.23
12003,16.3,16.32
12005,84.2,84.19
12007,22.1,22.13
12009,56.5,56.49
12011,35.0,35.01
12013,32.6,32.58
12015,64.7,64.72
12017,52.9,52.89
12019,58.8,58.75
12021,39.1,39.11
12023,47.9,47.89
12027,11.2,11.22
12029,10.1,10.09
12031,78.3,78.34
12033,85.4,85.44
12035,30.4,30.4
12037,29.2,29.2
12039,8.5,8.52
12041,7.2,7.22
12043,0.0,-0.0
12045,47.2,47.19
12047,6.4,6.39
12049,5.6,5.61
12051,10.7,10.69
12053,73.2,73.2
12055,39.5,39.47
12057,48.6,48.61
12059,54.1,54.11
12061,61.0,61.0
12063,44.9,44.92
12065,3.8,3.81
12067,18.5,18.5
12069,48.3,48.3
12071,41.6,41.6
12073,62.8,62.79
12075,34.5,34.46
12077,5.4,5.41
12079,45.8,45.82
12081,40.4,40.38
12083,56.5,56.49
12085,62.9,62.94
12086,24.2,24.17
12087,36.8,36.8
12089,30.5,30.49
12091,47.0,47.01
12093,58.7,58.71
12095,39.9,39.89
12097,21.2,21.22
12099,43.3,43.3
12101,64.2,64.2
12103,65.2,65.2
12105,37.6,37.6
12107,35.0,35.0
12109,34.2,34.2
12111,31.0,30.98
12113,49.1,49.08
12115,56.1,56.09
12117,39.9,39.91
12119,14.9,14.87
12121,15.4,15.38
12123,50.4,50.42
12125,18.8,18.81
12127,50.7,50.71
12129,11.5,11.5
12131,32.7,32.7
12133,37.6,37.59
13001,62.9,62.89
13003,64.1,64.12
13005,153.8,153.82
13007,29.2,29.18
13009,45.1,45.11
13011,8.8,8.78
13013,61.6,61.57
13015,61.5,61.47
13017,78.3,78.28
13019,19.9,19.91
13021,131.4,131.41
13023,33.9,33.91
13025,8.9,8.89
13027,95.5,95.48
13029,35.5,35.47
13031,85.6,85.61
13033,39.4,39.41
13035,41.6,41.61
13037,14.4,14.45
13039,38.5,38.53
13043,77.2,77.18
13045,85.0,85.0
13047,38.7,38.77
13049,55.4,55.38
13051,79.2,79.19
13053,0.5,0.5
13055,28.0,28.04
13057,55.4,55.4
13059,138.2,138.2
13061,84.8,84.77
13063,27.1,27.14
13065,63.6,63.64
13067,44.3,44.28
13069,164.1,164.07
13071,86.1,86.15
13073,66.4,66.43
13075,44.3,44.29
13077,51.0,51.0
13079,45.8,45.74
13081,91.3,91.31
13083,13.4,13.38
13085,40.8,40.83
13087,73.5,73.54
13089,46.9,46.92
13091,30.4,30.44
13093,2.1,2.12
13095,114.9,114.88
13097,45.9,45.92
13099,67.9,67.9
13101,0.0,0.01
13103,21.2,21.2
13105,60.7,60.69
13107,60.1,60.11
13109,35.3,35.3
13111,88.4,88.4
13113,77.3,77.31
13115,161.9,161.89
13117,29.0,29.0
13119,43.8,43.78
13121,71.7,71.66
13123,52.9,52.9
13125,0.0,0.01
13127,78.1,78.07
13129,65.2,65.21
13131,33.5,33.51
13133,54.5,54.47
13135,31.3,31.29
13137,28.3,28.33
13139,80.4,80.39
13141,11.4,11.39
13143,44.1,44.11
13145,4.3,4.24
13147,34.8,34.76
13149,0.1,0.08
13151,47.4,47.33
13153,58.2,58.21
13155,37.0,37.05
13157,47.5,47.51
13159,22.0,22.03
13161,33.5,33.47
13163,44.5,44.49
13165,27.9,27.9
13167,18.5,18.48
13169,26.7,26.7
13171,20.8,20.81
13173,28.6,28.58
13175,103.5,103.51
13177,31.4,31.41
13179,39.9,39.93
13181,46.9,46.9
13183,1.2,1.22
13185,79.0,79.02
13187,21.7,21.71
13189,71.3,71.26
13191,6.0,6.03
13193,32.4,32.43
13195,6.6,6.69
13197,2.0,2.0
13199,38.1,38.11
13201,76.3,76.26
13205,47.1,47.1
13207,25.4,25.41
13209,15.9,15.93
13211,43.7,43.7
13213,30.6,30.59
13215,107.5,107.55
13217,37.0,36.97
13219,40.9,40.93
13221,4.1,4.07
13223,26.5,26.56
13225,45.7,45.72
13227,32.7,32.69
13229,40.1,40.1
13231,4.0,4.02
13233,30.4,30.38
13235,33.7,33.68
13237,16.7,16.68
13239,1.0,1.02
13241,77.8,77.79
13243,30.6,30.57
13245,103.7,103.69
13247,53.8,53.83
13249,15.7,15.66
13251,23.2,23.2
13253,130.7,130.68
13255,96.9,96.9
13257,68.2,68.19
13259,27.1,27.05
13261,72.6,72.63
13263,2.9,2.96
13265,0.1,0.14
13267,39.5,39.49
13269,3.2,3.19
13271,8.1,8.08
13273,6.8,6.8
13275,127.3,127.24
13277,178.0,177.97
13279,55.3,55.29
13281,43.9,43.92
13283,1.3,1.28
13285,77.4,77.42
13287,40.0,40.04
13289,0.9,0.9
13291,82.5,82.49
13293,85.3,85.26
13295,17.5,17.45
13297,23.5,23.51
13299,159.8,159.78
13301,7.3,7.33
13303,29.3,29.29
13305,104.4,104.4
13307,1.0,1.01
13309,0.0,0.0
13311,20.6,20.6
13313,88.6,88.61
13315,2.2,2.16
13317,54.0,53.96
13319,49.7,49.69
13321,32.0,31.98
15001,40.3,40.29
15003,27.5,27.49
15005,0.0,-0.01
15007,32.0,32.0
15009,34.2,34.22
16001,60.8,60.79
16003,15.1,15.1
16005,81.8,81.79
16007,67.0,67.02
16009,49.6,49.59
16011,58.2,58.21
16013,23.3,23.29
16015,9.8,9.79
16017,42.8,42.81
16019,75.5,75.49
16021,39.9,39.9
16023,76.2,76.2
16025,0.0,0.02
16027,28.4,28.43
16029,91.6,91.53
16031,53.4,53.42
16033,0.0,0.03
16035,13.8,13.81
16037,8.0,7.98
16039,26.0,25.99
16041,54.8,54.86
16043,17.1,17.08
16045,25.3,25.31
16047,27.0,26.96
16049,25.2,25.22
16051,17.6,17.6
16053,23.3,23.32
16055,61.8,61.79
16057,27.1,27.08
16059,32.3,32.3
16061,18.1,18.08
16063,11.7,11.71
16065,29.8,29.79
16067,21.1,21.11
16069,142.2,142.21
16071,69.3,69.27
16073,8.5,8.51
16075,55.4,55.4
16077,39.3,39.31
16079,32.4,32.39
16081,23.9,23.94
16083,90.7,90.67
16085,22.3,22.3
16087,45.2,45.17
17001,92.8,92.79
17003,60.2,60.21
17005,26.4,26.42
17007,28.8,28.76
17009,35.0,34.98
17011,51.3,51.29
17013,6.9,6.88
17015,18.8,18.79
17017,9.9,9.92
17019,49.3,49.33
17021,25.4,25.39
17023,39.8,39.78
17025,19.7,19.74
17027,13.9,13.91
17029,62.1,62.1
17031,39.0,39.01
17033,6.9,6.87
17035,16.8,16.76
17037,30.0,30.0
17039,24.5,24.48
17041,16.9,16.89
17043,46.1,46.09
17045,34.6,34.61
17047,46.1,46.1
17049,65.3,65.29
17051,22.8,22.77
17053,17.5,17.48
17055,38.4,38.43
17057,47.8,47.78
17059,33.8,33.81
17061,42.0,42.02
17063,48.5,48.48
17065,9.3,9.26
17067,32.2,32.18
17069,186.4,186.41
17071,5.3,5.29
17073,27.6,27.61
17075,38.9,38.86
17077,106.3,106.29
17079,21.8,21.82
17081,96.5,96.55
17083,76.8,76.79
17085,24.8,24.82
17087,10.8,10.8
17089,23.0,22.98
17091,56.6,56.62
17093,11.6,11.61
17095,68.6,68.61
17097,38.7,38.68
17099,28.1,28.12
17101,45.8,45.79
17103,25.4,25.45
17105,43.6,43.61
17107,28.2,28.2
17109,47.2,47.22
17111,29.2,29.24
17113,56.0,56.01
17115,74.1,74.11
17117,22.1,22.1
17119,56.9,56.91
17121,56.4,56.33
17123,29.0,28.99
17125,23.6,23.59
17127,74.3,74.3
17129,1.2,1.2
17131,20.6,20.58
17133,21.5,21.46
17135,47.1,47.13
17137,61.6,61.54
17139,7.1,7.1
17141,14.1,14.07
17143,104.7,104.71
17145,60.9,60.9
17147,23.1,23.09
17149,37.3,37.32
17151,27.5,27.43
17153,0.0,0.04
17155,37.6,37.61
17157,42.0,41.99
17159,42.6,42.63
17161,50.4,50.41
17163,59.8,59.8
17165,127.1,127.13
17167,92.9,92.93
17169,30.2,30.22
17171,4.4,4.4
17173,18.2,18.23
17175,1.1,1.09
17177,50.3,50.29
17179,32.6,32.6
17181,77.5,77.53
17183,54.0,54.03
17185,33.1,33.09
17187,31.4,31.41
17189,30.5,30.52
17191,60.3,60.29
17193,29.4,29.4
17195,38.0,37.96
17197,33.1,33.1
17199,92.5,92.46
17201,72.9,72.92
17203,33.9,33.89
18001,29.6,29.57
18003,84.2,84.17
18005,51.8,51.8
18007,8.9,8.89
18009,28.6,28.63
18011,45.7,45.69
18013,17.4,17.36
18015,5.0,5.03
18017,21.1,21.07
18019,74.4,74.39
18021,21.8,21.82
18023,20.7,20.7
18025,10.4,10.39
18027,38.4,38.45
18029,87.4,87.39
18031,39.2,39.2
18033,19.9,19.91
18035,87.1,87.07
18037,57.4,57.37
18039,43.8,43.81
18041,35.7,35.68
18043,123.8,123.8
18045,20.9,20.9
18047,30.0,30.01
18049,32.0,32.01
18051,37.9,37.86
18053,37.0,37.0
18055,34.9,34.9
18057,43.2,43.22
18059,34.5,34.47
18061,52.1,52.12
18063,44.7,44.71
18065,39.5,39.49
18067,68.2,68.2
18069,16.0,16.02
18071,61.0,61.0
18073,59.3,59.3
18075,27.1,27.08
18077,66.9,66.9
18079,22.9,22.91
18081,66.4,66.45
18083,114.1,114.08
18085,21.1,21.08
18087,10.6,10.62
18089,69.8,69.82
18091,66.4,66.4
18093,40.0,40.02
18095,62.1,62.12
18097,73.7,73.7
18099,27.0,27.03
18101,41.9,41.91
18103,27.1,27.09
18105,67.6,67.62
18107,25.5,25.51
18109,45.4,45.37
18111,1.8,1.77
18113,18.4,18.41
18115,53.7,53.69
18117,29.6,29.6
18119,23.0,22.94
18121,33.5,33.5
18123,23.1,23.11
18125,42.1,42.11
18127,53.9,53.9
18129,52.0,52.01
18131,38.1,38.13
18133,25.3,25.32
18135,56.3,56.27
18137,38.6,38.59
18139,29.3,29.29
18141,69.0,68.99
18143,136.6,136.58
18145,34.2,34.26
18147,19.1,19.09
18149,52.8,52.78
18151,32.3,32.31
18153,50.8,50.8
18155,8.7,8.74
18157,62.5,62.5
18159,26.5,26.53
18161,18.0,18.02
18163,149.8,149.81
18165,26.7,26.69
18167,89.0,89.0
18169,24.6,24.6
18171,4.7,4.69
18173,64.9,64.93
18175,42.2,42.18
18177,81.8,81.81
18179,44.5,44.48
18181,13.4,13.37
18183,21.0,21.02
19001,16.5,16.52
19003,16.8,16.82
19005,29.7,29.72
19007,46.0,46.0
19009,40.2,40.17
19011,11.9,11.86
19013,60.1,60.1
19015,25.6,25.59
19017,25.9,25.84
19019,16.1,16.1
19021,21.6,21.61
19023,13.5,13.49
19025,54.6,54.62
19027,47.7,47.73
19029,49.7,49.68
19031,18.4,18.36
19033,73.1,73.09
19035,22.3,22.31
19037,5.7,5.73
19039,27.8,27.76
19041,69.1,69.08
19043,11.8,11.76
19045,43.9,43.91
19047,28.3,28.28
19049,10.4,10.39
19051,30.8,30.82
19053,53.8,53.83
19055,26.6,26.63
19057,57.7,57.71
19059,32.7,32.67
19061,40.0,40.01
19063,26.9,26.91
19065,23.6,23.63
19067,36.9,36.93
19069,6.2,6.19
19071,25.3,25.26
19073,41.6,41.56
19075,36.6,36.63
19077,30.7,30.74
19079,46.6,46.59
19081,31.0,30.97
19083,35.4,35.43
19085,39.2,39.22
19087,31.1,31.05
19089,10.7,10.69
19091,22.0,22.01
19093,33.8,33.8
19095,24.6,24.61
19097,14.4,14.44
19099,37.1,37.11
19101,47.4,47.4
19103,68.2,68.21
19105,19.1,19.09
19107,4.2,4.23
19109,14.6,14.56
19111,40.8,40.82
19113,36.2,36.22
19115,10.6,10.62
19117,48.1,48.11
19119,22.1,22.09
19121,35.8,35.84
19123,39.2,39.2
19125,40.3,40.25
19127,30.5,30.49
19129,43.0,42.98
19131,19.8,19.78
19133,35.5,35.51
19135,96.0,96.01
19137,42.0,42.0
19139,35.9,35.88
19141,37.7,37.65
19143,11.7,11.75
19145,51.6,51.63
19147,4.2,4.25
19149,15.1,15.13
19151,20.2,20.18
19153,64.7,64.68
19155,43.1,43.07
19157,38.6,38.61
19159,24.5,24.47
19161,20.1,20.1
19163,58.9,58.92
19165,28.7,28.7
19167,20.7,20.69
19169,30.5,30.54
19171,24.1,24.06
19173,45.3,45.3
19175,58.1,58.13
19177,43.2,43.21
19179,45.2,45.18
19181,20.1,20.08
19183,26.2,26.22
19185,92.9,92.94
19187,55.7,55.72
19189,28.0,27.98
19191,28.2,28.21
19193,51.8,51.73
19195,1.5,1.53
19197,32.1,32.1
20001,86.3,86.36
20003,8.2,8.2
20005,49.6,49.6
20007,39.8,39.81
20009,57.6,57.6
20011,69.5,69.5
20013,36.7,36.7
20015,65.7,65.7
20017,17.2,17.24
20019,30.2,30.21
20021,38.0,38.01
20023,133.1,133.1
20025,102.1,102.13
20027,59.9,59.92
20029,13.4,13.37
20031,94.1,94.1
20033,10.1,10.11
20035,59.7,59.68
20037,102.3,102.31
20039,25.6,25.61
20041,49.3,49.28
20043,2.8,2.81
20045,43.9,43.91
20047,57.9,57.88
20049,1.7,1.71
20051,62.7,62.71
20053,54.1,54.12
20055,33.8,33.79
20057,77.1,77.12
20059,45.3,45.3
20061,46.3,46.31
20063,25.2,25.21
20065,12.9,12.92
20067,24.0,24.01
20069,21.2,21.19
20071,123.9,123.9
20073,17.4,17.34
20075,6.0,6.01
20077,42.5,42.49
20079,64.3,64.29
20081,23.8,23.77
20083,29.5,29.51
20085,21.0,20.97
20087,12.4,12.45
20089,0.2,0.23
20091,58.3,58.33
20093,79.2,79.22
20095,33.0,32.99
20097,71.4,71.39
20099,65.8,65.83
20101,35.3,35.32
20103,29.3,29.33
20105,4.2,4.23
20107,12.2,12.2
20109,50.4,50.43
20111,42.8,42.82
20113,39.9,39.9
20115,10.2,10.22
20117,34.7,34.71
20119,20.8,20.78
20121,25.0,24.98
20123,75.4,75.38
20125,42.1,42.12
20127,9.7,9.68
20129,113.3,113.31
20131,17.6,17.6
20133,78.4,78.38
20135,55.2,55.18
20137,53.2,53.23
20139,16.5,16.49
20141,88.9,88.9
20143,13.8,13.79
20145,23.2,23.18
20147,27.4,27.41
20149,11.0,11.0
20151,96.0,95.97
20153,29.9,29.89
20155,68.4,68.45
20157,15.3,15.29
20159,13.7,13.7
20161,44.3,44.3
20163,49.9,49.85
20165,35.6,35.61
20167,53.7,53.69
20169,105.9,105.89
20171,81.7,81.69
20173,96.1,96.09
20175,57.4,57.38
20177,61.6,61.57
20179,7.8,7.78
20181,19.9,19.9
20183,88.3,88.3
20185,24.7,24.71
20187,112.8,112.82
20189,10.8,10.8
20191,55.6,55.59
20193,60.9,60.89
20195,117.4,117.39
20197,6.6,6.6
20199,2.4,2.37
20201,59.2,59.2
20203,5.2,5.22
20205,108.1,108.1
20207,13.7,13.69
20209,108.6,108.55
21001,71.3,71.31
21003,44.5,44.52
21005,23.3,23.35
21007,4.5,4.54
21009,67.9,67.92
21011,4.6,4.58
21013,155.4,155.38
21015,42.7,42.72
21017,37.0,37.02
21019,102.9,102.93
21021,105.5,105.51
21023,24.4,24.44
21025,68.1,68.13
21027,22.9,22.9
21029,17.6,17.57
21031,25.7,25.71
21033,36.5,36.48
21035,50.9,50.86
21037,46.4,46.33
21039,81.2,81.17
21041,48.0,48.02
21043,21.3,21.26
21045,33.6,33.64
21047,37.5,37.47
21049,180.7,180.67
21051,130.7,130.65
21053,66.3,66.35
21055,66.1,66.12
21057,57.8,57.77
21059,77.8,77.85
21061,16.8,16.78
21063,4.8,4.82
21065,42.3,42.32
21067,121.1,121.09
21069,36.2,36.2
21071,145.2,145.21
21073,72.2,72.11
21075,24.0,24.01
21077,59.8,59.79
21079,25.6,25.59
21081,19.9,19.86
21083,33.8,33.78
21085,60.3,60.31
21087,18.2,18.2
21089,27.6,27.52
21091,4.0,4.02
21093,64.9,64.87
21095,62.3,62.39
21097,51.0,51.02
21099,11.8,11.85
21101,63.6,63.57
21103,26.8,26.77
21105,43.0,43.0
21107,98.1,98.1
21109,13.2,13.16
21111,93.6,93.6
21113,33.7,33.71
21115,108.7,108.7
21117,82.1,82.13
21119,49.5,49.5
21121,57.1,57.12
21123,29.9,29.89
21125,81.1,81.13
21127,46.9,46.88
21129,77.3,77.29
21131,62.1,62.11
21133,37.1,37.1
21135,17.7,17.75
21137,10.7,10.68
21139,32.0,32.03
21141,24.4,24.38
21143,51.2,51.18
21145,253.9,253.92
21147,24.9,24.92
21149,9.6,9.59
21151,32.1,32.08
21153,60.5,60.5
21155,43.6,43.58
21157,41.7,41.71
21159,69.5,69.51
21161,50.4,50.45
21163,11.5,11.51
21165,15.8,15.76
21167,20.1,20.1
21169,17.5,17.49
21171,38.9,38.91
21173,67.2,67.2
21175,51.4,51.42
21177,44.3,44.36
21179,36.9,36.91
21181,2.4,2.4
21183,92.8,92.74
21185,19.1,19.13
21187,10.5,10.53
21189,160.9,160.89
21191,21.9,21.88
21193,318.0,317.96
21195,133.9,133.91
21197,70.7,70.7
21199,59.5,59.46
21201,0.0,-0.05
21203,48.2,48.25
21205,53.7,53.75
21207,41.8,41.79
21209,36.1,36.13
21211,24.6,24.61
21213,16.0,16.05
21215,7.6,7.59
21217,51.9,51.91
21219,6.0,6.0
21221,15.5,15.52
21223,40.8,40.79
21225,37.3,37.32
21227,103.0,102.95
21229,15.0,14.98
21231,105.5,105.49
21233,46.8,46.76
21235,160.5,160.49
21237,79.1,79.07
21239,32.7,32.73
22001,32.2,32.18
22003,39.4,39.42
22005,37.9,37.87
22007,22.1,22.09
22009,43.5,43.52
22011,36.6,36.61
22013,14.0,14.0
22015,59.1,59.11
22017,140.3,140.31
22019,71.3,71.29
22021,35.2,35.2
22023,6.9,6.9
22025,10.8,10.79
22027,82.2,82.21
22029,44.6,44.6
22031,18.0,17.99
22033,106.1,106.13
22035,72.1,72.15
22037,26.6,26.56
22039,116.8,116.78
22041,69.5,69.48
22043,7.7,7.71
22045,88.3,88.3
22047,11.7,11.72
22049,30.0,30.0
22051,98.4,98.36
22053,52.8,52.77
22055,96.7,96.66
22057,53.5,53.49
22059,75.1,75.1
22061,50.5,50.52
22063,18.1,18.13
22065,4.6,4.58
22067,48.7,48.72
22069,32.8,32.8
22071,94.9,94.91
22073,103.1,103.07
22075,16.8,16.82
22077,24.1,24.1
22079,130.0,129.98
22081,50.7,50.71
22083,90.9,90.93
22085,32.4,32.39
22087,24.7,24.7
22089,14.2,14.22
22091,33.5,33.49
22093,56.4,56.43
22095,69.9,69.88
22097,86.9,86.91
22099,17.2,17.23
22101,36.3,36.26
22103,79.4,79.37
22105,42.9,42.92
22107,24.1,24.16
22109,73.8,73.83
22111,37.6,37.6
22113,24.8,24.84
22115,52.1,52.07
22117,42.9,42.97
22119,48.1,48.05
22121,18.4,18.39
22123,20.8,20.77
22125,15.3,15.3
22127,34.1,34.11
23001,53.2,53.19
23003,53.8,53.8
23005,47.9,47.89
23007,26.4,26.38
23009,37.1,37.12
23011,68.4,68.43
23013,33.5,33.53
23015,43.8,43.78
23017,32.4,32.41
23019,51.2,51.21
23021,26.2,26.2
23023,31.3,31.32
23025,30.7,30.66
23027,33.2,33.18
23029,25.7,25.69
23031,32.9,32.91
24001,93.0,92.96
24003,49.3,49.36
24005,44.8,44.78
24009,42.2,42.18
24011,35.6,35.61
24013,31.5,31.48
24015,23.2,23.19
24017,42.0,42.01
24019,26.0,26.0
24021,54.0,53.98
24023,41.2,41.2
24025,39.2,39.23
24027,28.3,28.27
24029,91.3,91.24
24031,27.3,27.34
24033,26.4,26.39
24035,38.4,38.43
24037,21.7,21.71
24039,8.4,8.4
24041,80.6,80.6
24043,100.2,100.17
24045,68.4,68.38
24047,27.7,27.73
24510,71.7,71.7
25001,35.0,34.98
25003,39.0,39.01
25005,43.6,43.59
25007,29.4,29.41
25009,27.9,27.91
25011,30.4,30.39
25013,48.4,48.46
25015,34.1,34.09
25017,24.1,24.1
25019,31.5,31.51
25021,26.6,26.59
25023,27.5,27.48
25025,65.1,65.1
25027,35.7,35.68
26001,12.7,12.67
26003,16.6,16.63
26005,13.9,13.92
26007,57.4,57.4
26009,45.4,45.44
26011,32.0,31.99
26013,39.9,39.91
26015,24.4,24.38
26017,83.1,83.07
26019,48.2,48.19
26021,50.6,50.62
26023,32.1,32.1
26025,65.0,65.0
26027,11.9,11.91
26029,32.2,32.17
26031,56.9,56.9
26033,32.1,32.08
26035,44.2,44.16
26037,22.9,22.95
26039,87.7,87.71
26041,66.1,66.09
26043,44.7,44.72
26045,33.4,33.39
26047,111.3,111.29
26049,75.2,75.19
26051,36.2,36.24
26053,67.2,67.22
26055,90.9,90.92
26057,39.3,39.33
26059,32.3,32.28
26061,27.2,27.19
26063,41.9,41.92
26065,73.3,73.26
26067,36.1,36.04
26069,55.1,55.12
26071,44.4,44.39
26073,33.7,33.69
26075,45.0,45.02
26077,72.7,72.75
26079,42.6,42.61
26081,63.2,63.18
26083,0.0,0.01
26085,7.2,7.22
26087,29.7,29.68
26089,5.9,5.93
26091,44.7,44.7
26093,27.7,27.72
26095,49.7,49.71
26097,47.0,47.01
26099,56.4,56.38
26101,78.8,78.79
26103,66.8,66.79
26105,54.8,54.81
26107,75.5,75.49
26109,15.2,15.23
26111,57.4,57.38
26113,8.2,8.14
26115,37.7,37.7
26117,57.4,57.42
26119,21.7,21.7
26121,78.0,78.04
26123,39.5,39.49
26125,73.4,73.45
26127,47.7,47.68
26129,71.0,71.0
26131,51.0,50.97
26133,23.3,23.35
26135,9.7,9.68
26137,113.7,113.7
26139,28.0,28.01
26141,25.2,25.22
26143,37.5,37.52
26145,84.9,84.89
26147,60.4,60.45
26149,35.9,35.83
26151,14.9,14.87
26153,57.6,57.57
26155,36.5,36.5
26157,48.1,48.13
26159,37.6,37.57
26161,76.7,76.69
26163,58.9,58.86
26165,59.4,59.38
27001,48.9,48.92
27003,22.2,22.21
27005,26.8,26.83
27007,29.4,29.39
27009,3.2,3.19
27011,48.9,48.89
27013,47.4,47.38
27015,30.3,30.34
27017,28.1,28.11
27019,25.3,25.29
27021,10.4,10.36
27023,25.8,25.78
27025,15.1,15.11
27027,10.8,10.78
27029,54.8,54.85
27031,10.3,10.29
27033,23.6,23.58
27035,37.5,37.52
27037,18.5,18.49
27039,2.4,2.43
27041,38.9,38.91
27043,24.6,24.65
27045,13.6,13.61
27047,18.0,17.97
27049,20.9,20.92
27051,28.3,28.34
27053,39.4,39.39
27055,16.1,16.09
27057,33.0,32.98
27059,27.5,27.47
27061,31.0,31.02
27063,18.3,18.28
27065,38.1,38.13
27067,36.1,36.12
27069,16.7,16.71
27071,39.3,39.29
27073,37.1,37.06
27075,19.3,19.34
27077,3.0,3.0
27079,2.6,2.57
27081,44.5,44.49
27083,28.1,28.09
27085,26.8,26.82
27087,6.8,6.81
27089,9.3,9.31
27091,50.2,50.16
27093,11.3,11.28
27095,29.5,29.47
27097,40.6,40.61
27099,15.1,15.09
27101,22.7,22.71
27103,15.2,15.19
27105,20.7,20.72
27107,11.6,11.59
27109,90.2,90.18
27111,26.1,26.1
27113,35.4,35.4
27115,24.6,24.57
27117,50.7,50.69
27119,31.0,31.01
27121,44.1,44.1
27123,42.2,42.24
27125,1.6,1.59
27127,14.6,14.6
27129,40.7,40.68
27131,20.7,20.71
27133,30.0,30.03
27135,44.1,44.09
27137,49.2,49.21
27139,9.5,9.53
27141,12.2,12.21
27143,12.6,12.61
27145,48.0,47.98
27147,28.6,28.6
27149,27.5,27.5
27151,39.1,39.11
27153,7.7,7.68
27155,19.5,19.5
27157,12.7,12.71
27159,89.0,88.98
27161,17.3,17.31
27163,27.5,27.5
27165,41.9,41.94
27167,8.8,8.79
27169,17.6,17.61
27171,17.3,17.26
27173,35.3,35.34
28001,86.9,86.89
28003,116.5,116.5
28005,7.7,7.74
28007,36.8,36.83
28009,12.6,12.62
28011,30.9,30.9
28013,41.0,40.98
28015,10.8,10.82
28017,34.3,34.3
28019,25.0,25.0
28021,28.4,28.42
28023,19.9,19.91
28025,60.6,60.6
28027,35.4,35.4
28029,53.2,53.17
28031,40.3,40.3
28033,63.5,63.56
28035,206.0,205.98
28037,4.9,4.85
28039,36.7,36.71
28041,19.5,19.47
28043,70.0,70.03
28045,31.0,30.96
28047,86.4,86.44
28049,110.9,110.88
28051,27.4,27.38
28053,17.2,17.24
28055,0.0,0.01
28057,31.4,31.42
28059,71.5,71.48
28061,5.5,5.46
28063,2.3,2.28
28065,21.7,21.72
28067,102.1,102.14
28069,4.5,4.46
28071,77.1,77.13
28073,16.8,16.8
28075,165.7,165.7
28077,51.1,51.05
28079,47.8,47.82
28081,122.5,122.51
28083,105.7,105.67
28085,77.7,77.76
28087,59.6,59.58
28089,48.9,48.86
28091,62.6,62.6
28093,36.4,36.37
28095,41.0,41.02
28097,17.0,16.98
28099,27.0,27.01
28101,18.0,18.0
28103,18.4,18.46
28105,69.4,69.39
28107,30.2,30.21
28109,32.4,32.4
28111,38.2,38.22
28113,63.6,63.59
28115,26.4,26.4
28117,42.3,42.27
28119,9.3,9.31
28121,70.6,70.67
28123,24.5,24.46
28125,5.4,5.36
28127,36.3,36.3
28129,6.9,6.93
28131,54.8,54.83
28133,33.4,33.42
28135,23.0,23.0
28137,49.9,49.85
28139,24.7,24.69
28141,55.3,55.3
28143,9.1,9.08
28145,64.5,64.49
28147,21.4,21.33
28149,76.8,76.78
28151,65.8,65.81
28153,33.6,33.6
28155,99.9,99.9
28157,40.5,40.53
28159,26.4,26.39
28161,11.5,11.47
28163,9.4,9.4
29001,89.2,89.19
29003,2.0,2.0
29005,62.0,61.99
29007,28.0,27.97
29009,61.2,61.24
29011,40.7,40.67
29013,28.5,28.5
29015,25.6,25.59
29017,17.8,17.76
29019,87.4,87.39
29021,59.5,59.48
29023,136.3,136.3
29025,6.3,6.34
29027,17.0,16.99
29029,55.3,55.26
29031,110.5,110.54
29033,49.1,49.08
29035,11.6,11.56
29037,43.7,43.68
29039,75.7,75.71
29041,3.3,3.29
29043,56.3,56.32
29045,52.2,52.21
29047,53.9,53.9
29049,27.3,27.32
29051,69.9,69.93
29053,17.4,17.44
29055,2.0,2.02
29057,46.3,46.32
29059,11.6,11.61
29061,36.3,36.32
29063,4.2,4.18
29065,61.8,61.75
29067,18.6,18.6
29069,52.1,52.08
29071,53.5,53.53
29073,32.7,32.68
29075,27.9,27.93
29077,87.0,86.98
29079,44.5,44.52
29081,42.3,42.24
29083,76.9,76.9
29085,14.6,14.58
29087,2.2,2.22
29089,55.3,55.26
29091,106.0,105.98
29093,9.3,9.34
29095,63.7,63.72
29097,103.6,103.59
29099,33.9,33.95
29101,32.7,32.67
29103,0.1,0.12
29105,39.5,39.53
29107,35.6,35.61
29109,34.6,34.58
29111,56.5,56.49
29113,29.6,29.63
29115,20.0,19.99
29117,29.7,29.7
29119,10.1,10.11
29121,32.3,32.27
29123,41.0,40.98
29125,5.0,4.99
29127,89.1,89.14
29129,22.7,22.68
29131,19.6,19.62
29133,70.5,70.48
29135,8.2,8.14
29137,6.8,6.82
29139,31.7,31.71
29141,4.2,4.26
29143,7.6,7.62
29145,22.0,22.02
29147,39.4,39.37
29149,4.9,4.94
29151,21.5,21.53
29153,12.3,12.27
29155,73.2,73.24
29157,8.3,8.3
29159,36.6,36.57
29161,83.5,83.54
29163,38.9,38.89
29165,38.8,38.75
29167,44.6,44.56
29169,37.3,37.29
29171,10.8,10.8
29173,12.6,12.57
29175,33.1,33.12
29177,35.8,35.78
29179,8.9,8.92
29181,40.1,40.1
29183,37.5,37.45
29185,33.3,33.35
29186,26.1,26.08
29187,107.4,107.43
29189,73.4,73.41
29195,50.1,50.17
29197,1.2,1.22
29199,32.1,32.08
29201,77.7,77.67
29203,3.0,3.0
29205,4.1,4.09
29207,43.2,43.23
29209,29.9,29.9
29211,66.1,66.08
29213,70.5,70.51
29215,26.9,26.87
29217,39.5,39.49
29219,9.0,8.98
29221,12.8,12.77
29223,0.6,0.6
29225,29.3,29.28
29227,0.6,0.59
29229,57.2,57.22
29510,89.3,89.23
30001,39.6,39.6
30003,9.6,9.62
30005,12.1,12.12
30007,12.4,12.39
30009,16.8,16.8
30011,0.9,0.89
30013,57.1,57.05
30015,16.0,16.02
30017,81.1,81.1
30019,0.8,0.8
30021,34.6,34.62
30023,51.5,51.47
30025,0.9,0.9
30027,39.3,39.25
30029,68.1,68.1
30031,30.4,30.4
30033,7.1,7.1
30035,16.0,16.0
30037,0.1,0.12
30039,19.5,19.52
30041,30.3,30.27
30043,16.3,16.28
30045,0.5,0.53
30047,44.0,44.01
30049,46.9,46.95
30051,10.3,10.3
30053,57.2,57.21
30055,37.2,37.21
30057,12.8,12.8
30059,27.3,27.29
30061,19.3,19.28
30063,60.3,60.28
30065,32.9,32.89
30067,28.5,28.48
30069,0.0,0.03
30071,46.2,46.2
30073,40.1,40.08
30075,1.7,1.68
30077,44.3,44.31
30079,21.8,21.76
30081,32.0,32.02
30083,33.7,33.71
30085,28.6,28.57
30087,18.3,18.32
30089,45.5,45.52
30091,4.9,4.91
30093,55.2,55.2
30095,20.9,20.89
30097,12.1,12.13
30099,13.4,13.4
30101,117.1,117.12
30103,0.0,-0.02
30105,15.9,15.91
30107,3.9,3.91
30109,0.0,0.05
30111,73.7,73.69
31001,47.3,47.33
31003,42.1,42.1
31005,0.0,0.01
31007,0.0,-0.02
31009,0.0,-0.01
31011,12.7,12.67
31013,73.8,73.82
31015,12.2,12.16
31017,8.1,8.1
31019,75.7,75.7
31021,19.2,19.21
31023,50.5,50.49
31025,10.1,10.11
31027,15.9,15.92
31029,86.3,86.3
31031,20.1,20.1
31033,28.1,28.08
31035,2.7,2.68
31037,12.0,11.97
31039,5.2,5.21
31041,47.0,47.01
31043,20.6,20.66
31045,36.9,36.88
31047,26.7,26.67
31049,3.0,2.98
31051,10.6,10.63
31053,55.2,55.2
31055,67.9,67.88
31057,45.7,45.7
31059,20.1,20.08
31061,75.4,75.42
31063,3.2,3.21
31065,27.5,27.47
31067,25.6,25.63
31069,35.8,35.82
31071,93.4,93.4
31073,0.0,-0.01
31075,0.0,0.03
31077,0.0,0.06
31079,67.0,67.02
31081,57.0,57.03
31083,29.4,29.41
31085,2.1,2.08
31087,18.5,18.48
31089,24.2,24.24
31091,13.2,13.2
31093,40.8,40.77
31095,47.2,47.2
31097,62.3,62.25
31099,32.1,32.09
31101,48.2,48.2
31103,0.0,-0.02
31105,16.4,16.44
31107,31.7,31.7
31109,52.1,52.11
31111,76.0,76.01
31113,0.0,0.01
31115,0.0,-0.0
31117,0.0,0.0
31119,71.3,71.24
31121,39.1,39.07
31123,16.4,16.38
31125,8.6,8.61
31127,67.8,67.8
31129,9.0,9.02
31131,45.0,45.1
31133,53.5,53.49
31135,93.5,93.51
31137,93.9,93.89
31139,33.8,33.8
31141,31.5,31.49
31143,10.3,10.36
31145,49.9,49.93
31147,15.2,15.22
31149,6.0,6.02
31151,25.9,25.9
31153,29.0,28.98
31155,18.5,18.51
31157,83.0,83.0
31159,27.5,27.48
31161,3.0,2.99
31163,3.7,3.67
31165,0.0,0.0
31167,2.0,2.03
31169,9.8,9.79
31171,2.0,1.99
31173,21.4,21.41
31175,32.3,32.27
31177,15.6,15.61
31179,27.0,27.0
31181,6.5,6.48
31183,0.0,0.01
31185,60.5,60.5
32001,44.7,44.71
32003,49.1,49.08
32005,42.4,42.39
32007,33.2,33.21
32009,0.0,0.0
32011,12.0,12.0
32013,10.5,10.51
32015,2.8,2.8
32017,52.5,52.5
32019,11.6,11.6
32021,58.9,58.89
32023,45.9,45.92
32027,12.1,12.09
32029,34.3,34.33
32031,55.9,55.9
32033,29.1,29.11
32510,99.9,99.88
33001,25.3,25.34
33003,53.1,53.1
33005,29.4,29.4
33007,44.6,44.61
33009,61.1,61.1
33011,35.5,35.54
33013,46.8,46.74
33015,29.1,29.1
33017,49.7,49.69
33019,24.2,24.19
34001,57.9,57.89
34003,30.0,29.93
34005,54.2,54.17
34007,64.3,64.33
34009,35.7,35.7
34011,39.5,39.5
34013,34.2,34.24
34015,41.9,41.93
34017,20.2,20.2
34019,22.9,22.88
34021,38.2,38.19
34023,31.1,31.14
34025,40.9,40.9
34027,36.1,36.12
34029,23.6,23.61
34031,32.1,32.12
34033,24.9,24.9
34035,24.3,24.31
34037,23.8,23.75
34039,24.7,24.68
34041,37.3,37.27
35001,58.0,58.0
35003,24.4,24.4
35005,55.3,55.3
35006,18.4,18.41
35007,74.2,74.19
35009,22.1,22.09
35011,4.7,4.7
35013,35.9,35.89
35015,71.5,71.49
35017,44.4,44.43
35019,50.1,50.1
35021,22.2,22.21
35023,16.6,16.59
35025,36.7,36.7
35027,29.3,29.3
35028,39.5,39.52
35029,43.2,43.21
35031,13.4,13.36
35033,4.1,4.15
35035,30.7,30.72
35037,43.9,43.91
35039,30.8,30.82
35041,27.6,27.57
35043,23.2,23.19
35045,35.1,35.11
35047,35.6,35.58
35049,53.1,53.1
35051,36.0,36.01
35053,43.5,43.5
35055,63.6,63.58
35057,3.0,2.96
35059,48.9,48.87
35061,22.7,22.74
36001,64.2,64.22
36003,30.7,30.73
36005,21.0,21.05
36007,59.7,59.71
36009,38.9,38.86
36011,26.1,26.1
36013,43.9,43.91
36015,68.0,67.98
36017,29.2,29.24
36019,70.7,70.69
36021,38.4,38.39
36023,21.3,21.29
36025,19.9,19.9
36027,35.5,35.46
36029,61.4,61.43
36031,35.0,35.0
36033,35.6,35.62
36035,37.0,37.01
36037,51.4,51.41
36039,20.8,20.82
36041,25.7,25.7
36043,19.2,19.23
36045,54.0,54.0
36047,17.1,17.11
36049,23.8,23.8
36051,43.6,43.66
36053,45.7,45.68
36055,42.9,42.93
36057,52.4,52.39
36059,43.1,43.08
36061,63.2,63.16
36063,27.7,27.69
36065,41.8,41.79
36067,66.0,65.99
36069,36.5,36.49
36071,34.8,34.78
36073,22.6,22.55
36075,24.1,24.09
36077,53.2,53.2
36079,28.7,28.75
36081,14.0,13.99
36083,30.1,30.06
36085,30.6,30.57
36087,29.5,29.5
36089,43.6,43.6
36091,32.6,32.64
36093,33.2,33.17
36095,35.3,35.25
36097,40.0,39.99
36099,23.9,23.94
36101,36.6,36.58
36103,33.0,33.03
36105,63.3,63.3
36107,20.0,20.02
36109,48.1,48.11
36111,37.6,37.62
36113,73.7,73.71
36115,26.6,26.59
36117,15.8,15.78
36119,27.4,27.38
36121,25.8,25.76
36123,17.6,17.59
37001,34.2,34.2
37003,6.0,5.97
37005,39.9,39.9
37007,8.4,8.34
37009,46.2,46.2
37011,36.2,36.24
37013,51.3,51.34
37015,49.7,49.7
37017,33.0,32.96
37019,38.7,38.71
37021,76.4,76.44
37023,67.0,66.99
37025,59.9,59.92
37027,56.4,56.38
37029,0.2,0.15
37031,62.6,62.58
37033,4.8,4.81
37035,108.2,108.26
37037,14.3,14.35
37039,64.3,64.31
37041,55.1,55.12
37043,33.2,33.17
37045,118.4,118.43
37047,76.8,76.79
37049,75.2,75.21
37051,66.0,65.99
37053,12.0,12.01
37055,76.0,75.99
37057,31.2,31.22
37059,27.5,27.47
37061,28.7,28.72
37063,74.1,74.1
37065,27.7,27.71
37067,101.6,101.61
37069,13.6,13.6
37071,68.8,68.77
37073,2.8,2.81
37075,8.2,8.16
37077,24.1,24.12
37079,20.7,20.66
37081,61.3,61.31
37083,51.0,51.01
37085,48.6,48.59
37087,61.5,61.51
37089,39.6,39.6
37091,67.8,67.74
37093,17.2,17.18
37095,1.9,1.89
37097,75.1,75.1
37099,41.3,41.31
37101,36.9,36.9
37103,14.0,13.98
37105,58.7,58.68
37107,47.8,47.8
37109,40.5,40.51
37111,35.5,35.5
37113,31.1,31.09
37115,12.0,11.97
37117,34.4,34.41
37119,57.3,57.28
37121,83.2,83.17
37123,30.4,30.43
37125,125.8,125.82
37127,86.8,86.83
37129,89.8,89.79
37131,7.4,7.38
37133,50.1,50.07
37135,98.5,98.47
37137,7.6,7.6
37139,55.4,55.41
37141,21.7,21.74
37143,23.9,23.9
37145,23.5,23.52
37147,120.4,120.39
37149,28.6,28.6
37151,33.7,33.68
37153,96.1,96.11
37155,61.7,61.74
37157,58.9,58.9
37159,56.3,56.29
37161,39.4,39.39
37163,34.8,34.78
37165,104.6,104.56
37167,33.3,33.27
37169,33.9,33.9
37171,61.4,61.42
37173,113.8,113.81
37175,40.9,40.87
37177,12.5,12.51
37179,26.0,26.03
37181,49.2,49.15
37183,38.9,38.9
37185,2.7,2.72
37187,41.1,41.1
37189,55.3,55.3
37191,41.9,41.9
37193,33.4,33.38
37195,34.0,34.02
37197,28.6,28.61
37199,35.7,35.72
38001,111.7,111.68
38003,38.6,38.59
38005,4.4,4.38
38007,0.0,-0.02
38009,12.1,12.1
38011,27.7,27.68
38013,4.5,4.48
38015,68.3,68.33
38017,40.1,40.1
38019,40.3,40.32
38021,35.3,35.29
38023,3.9,3.89
38025,4.4,4.39
38027,0.6,0.62
38029,38.2,38.16
38031,85.8,85.83
38033,4.8,4.74
38035,59.5,59.51
38037,4.8,4.82
38039,5.2,5.2
38041,0.9,0.91
38043,18.6,18.6
38045,6.2,6.24
38047,13.7,13.73
38049,6.5,6.47
38051,30.0,29.98
38053,12.1,12.1
38055,24.9,24.92
38057,42.6,42.58
38059,9.9,9.91
38061,2.5,2.48
38063,4.9,4.9
38065,0.1,0.11
38067,42.3,42.26
38069,48.3,48.33
38071,66.3,66.27
38073,30.8,30.79
38075,0.0,0.03
38077,26.9,26.95
38079,3.4,3.38
38081,1.7,1.67
38083,3.0,3.01
38085,0.0,-0.01
38087,0.0,0.02
38089,38.7,38.76
38091,0.0,-0.01
38093,29.7,29.68
38095,11.7,11.7
38097,10.1,10.08
38099,19.8,19.81
38101,45.7,45.69
38103,53.1,53.07
38105,34.4,34.41
39001,39.7,39.65
39003,72.5,72.51
39005,19.3,19.3
39007,35.4,35.41
39009,48.6,48.58
39011,21.3,21.35
39013,43.7,43.66
39015,27.7,27.71
39017,43.9,43.93
39019,16.8,16.79
39021,12.9,12.89
39023,58.3,58.33
39025,22.0,22.04
39027,46.3,46.3
39029,23.9,23.87
39031,27.7,27.67
39033,45.1,45.1
39035,55.9,55.93
39037,18.3,18.35
39039,55.4,55.4
39041,29.7,29.69
39043,44.3,44.33
39045,51.5,51.5
39047,68.2,68.19
39049,65.7,65.7
39051,22.5,22.53
39053,54.8,54.83
39055,22.4,22.42
39057,50.9,50.95
39059,30.2,30.27
39061,74.9,74.9
39063,49.8,49.8
39065,11.5,11.52
39067,8.6,8.66
39069,11.7,11.68
39071,28.4,28.38
39073,22.8,22.8
39075,8.8,8.8
39077,57.0,56.99
39079,30.9,30.89
39081,78.1,78.04
39083,23.0,22.99
39085,43.1,43.07
39087,50.3,50.3
39089,22.9,22.91
39091,29.1,29.07
39093,32.5,32.47
39095,85.7,85.74
39097,23.8,23.79
39099,81.3,81.32
39101,83.9,83.91
39103,22.6,22.59
39105,9.3,9.3
39107,25.7,25.72
39109,26.0,25.98
39111,15.5,15.49
39113,72.5,72.45
39115,7.9,7.89
39117,8.5,8.54
39119,65.4,65.42
39121,7.9,7.86
39123,24.6,24.58
39125,15.6,15.59
39127,33.6,33.62
39129,31.4,31.4
39131,50.4,50.43
39133,26.4,26.44
39135,19.6,19.6
39137,17.1,17.1
39139,34.6,34.61
39141,59.6,59.58
39143,26.2,26.16
39145,72.7,72.72
39147,19.9,19.9
39149,22.6,22.58
39151,58.5,58.52
39153,59.3,59.26
39155,47.2,47.19
39157,57.3,57.26
39159,37.4,37.36
39161,31.3,31.29
39163,4.2,4.23
39165,30.7,30.69
39167,67.6,67.6
39169,26.9,26.95
39171,18.0,18.0
39173,31.6,31.65
39175,10.9,10.88
40001,70.1,70.18
40003,5.5,5.53
40005,6.0,6.02
40007,9.1,9.11
40009,43.9,43.91
40011,23.0,22.99
40013,62.8,62.81
40015,25.3,25.29
40017,22.2,22.25
40019,97.1,97.12
40021,52.3,52.33
40023,27.9,27.92
40025,16.9,16.89
40027,41.5,41.48
40029,52.4,52.43
40031,66.7,66.72
40033,0.2,0.18
40035,26.0,25.98
40037,21.1,21.16
40039,33.8,33.81
40041,41.8,41.82
40043,8.3,8.26
40045,33.7,33.71
40047,64.2,64.19
40049,32.2,32.21
40051,27.9,27.93
40053,0.8,0.8
40055,22.5,22.53
40057,162.9,162.87
40059,93.5,93.5
40061,44.6,44.58
40063,9.6,9.55
40065,47.2,47.17
40067,14.2,14.21
40069,13.9,13.89
40071,39.8,39.82
40073,102.2,102.22
40075,31.7,31.71
40077,60.4,60.4
40079,44.2,44.23
40081,26.1,26.12
40083,14.3,14.22
40085,113.2,113.13
40087,27.8,27.81
40089,26.5,26.51
40091,15.5,15.53
40093,15.9,15.92
40095,15.3,15.32
40097,33.4,33.36
40099,55.8,55.79
40101,79.8,79.79
40103,4.4,4.41
40105,41.2,41.2
40107,3.8,3.8
40109,105.5,105.5
40111,17.3,17.28
40113,13.0,13.0
40115,38.4,38.38
40117,28.1,28.1
40119,41.8,41.8
40121,84.8,84.77
40123,64.9,64.89
40125,53.3,53.29
40127,7.0,6.97
40129,6.8,6.81
40131,32.3,32.32
40133,25.6,25.64
40135,16.3,16.31
40137,71.0,70.99
40139,16.0,16.02
40141,68.7,68.72
40143,115.9,115.88
40145,13.5,13.43
40147,45.8,45.78
40149,16.9,16.91
40151,16.0,16.0
40153,60.1,60.1
41001,71.3,71.33
41003,63.6,63.59
41005,34.7,34.7
41007,57.1,57.11
41009,24.4,24.36
41011,78.6,78.6
41013,34.9,34.89
41015,78.7,78.71
41017,57.9,57.9
41019,54.5,54.5
41021,27.5,27.47
41023,46.8,46.8
41025,57.2,57.19
41027,70.7,70.76
41029,90.0,90.03
41031,24.6,24.61
41033,50.2,50.16
41035,40.7,40.72
41037,46.7,46.7
41039,66.2,66.21
41041,42.1,42.09
41043,29.1,29.11
41045,92.7,92.68
41047,40.7,40.67
41049,23.5,23.51
41051,51.5,51.52
41053,22.5,22.46
41055,22.3,22.31
41057,56.6,56.59
41059,34.2,34.21
41061,61.6,61.58
41063,52.3,52.31
41065,54.9,54.9
41067,37.4,37.41
41069,57.5,57.53
41071,33.8,33.84
42001,26.4,26.41
42003,68.7,68.69
42005,28.9,28.89
42007,32.2,32.22
42009,19.8,19.8
42011,32.6,32.59
42013,76.0,76.01
42015,57.5,57.49
42017,41.1,41.12
42019,33.5,33.5
42021,61.1,61.08
42023,20.2,20.2
42025,29.0,29.02
42027,32.1,32.12
42029,30.5,30.53
42031,32.9,32.91
42033,49.8,49.78
42035,45.1,45.12
42037,52.7,52.64
42039,54.1,54.11
42041,41.7,41.73
42043,56.9,56.91
42045,45.3,45.31
42047,36.6,36.59
42049,60.1,60.1
42051,82.8,82.8
42053,3.2,3.2
42055,36.5,36.52
42057,20.6,20.55
42059,26.6,26.6
42061,20.6,20.6
42063,33.8,33.86
42065,28.8,28.81
42067,30.1,30.06
42069,72.9,72.88
42071,34.6,34.58
42073,52.8,52.81
42075,30.6,30.58
42077,46.4,46.39
42079,51.0,51.08
42081,54.9,54.92
42083,47.4,47.42
42085,72.6,72.55
42087,40.2,40.2
42089,32.2,32.24
42091,51.5,51.48
42093,298.4,298.41
42095,53.5,53.46
42097,37.7,37.74
42099,16.5,16.52
42101,49.9,49.9
42103,24.7,24.73
42105,35.7,35.7
42107,32.1,32.07
42109,37.8,37.77
42111,27.8,27.79
42113,12.7,12.69
42115,22.2,22.17
42117,33.5,33.49
42119,57.6,57.61
42121,50.5,50.48
42123,43.2,43.23
42125,36.6,36.58
42127,21.2,21.16
42129,44.0,43.98
42131,38.0,38.01
42133,39.0,39.0
44001,19.4,19.44
44003,52.0,51.98
44005,28.3,28.26
44007,41.6,41.6
44009,34.1,34.1
45001,32.4,32.41
45003,42.3,42.25
45005,43.5,43.47
45007,75.9,75.92
45009,43.2,43.23
45011,47.7,47.7
45013,47.1,47.12
45015,18.0,17.99
45017,5.9,5.87
45019,112.1,112.1
45021,58.9,58.89
45023,40.6,40.58
45025,25.5,25.53
45027,42.9,42.86
45029,51.4,51.42
45031,100.0,99.99
45033,60.4,60.37
45035,22.3,22.32
45037,16.7,16.67
45039,25.3,25.31
45041,135.1,135.11
45043,53.1,53.12
45045,72.6,72.59
45047,87.9,87.9
45049,27.0,26.96
45051,63.0,63.0
45053,19.7,19.71
45055,30.8,30.8
45057,32.7,32.72
45059,37.9,37.91
45061,12.7,12.7
45063,58.0,58.0
45065,10.8,10.84
45067,44.2,44.19
45069,26.6,26.64
45071,39.1,39.11
45073,61.3,61.32
45075,48.2,48.22
45077,71.1,71.1
45079,62.7,62.71
45081,12.3,12.32
45083,85.8,85.81
45085,41.6,41.66
45087,17.1,17.08
45089,18.4,18.39
45091,29.0,29.0
46003,19.5,19.53
46005,43.3,43.28
46007,3.5,3.51
46009,10.1,10.08
46011,27.5,27.47
46013,52.1,52.12
46015,55.4,55.4
46017,5.6,5.6
46019,4.6,4.58
46021,2.5,2.52
46023,29.0,29.02
46025,22.3,22.31
46027,27.7,27.69
46029,40.2,40.21
46031,6.2,6.2
46033,21.6,21.58
46035,49.8,49.81
46037,4.3,4.29
46039,3.3,3.25
46041,3.5,3.49
46043,30.1,30.1
46045,40.5,40.53
46047,49.4,49.41
46049,13.6,13.59
46051,28.5,28.5
46053,62.4,62.39
46055,109.1,109.11
46057,2.9,2.92
46059,0.6,0.63
46061,0.6,0.63
46063,1.4,1.44
46065,42.2,42.18
46067,53.2,53.17
46069,34.6,34.6
46071,8.0,7.99
46073,120.4,120.38
46075,35.9,35.91
46077,27.4,27.41
46079,18.7,18.72
46081,31.2,31.22
46083,30.2,30.22
46085,6.4,6.38
46087,19.1,19.1
46089,2.6,2.6
46091,16.2,16.18
46093,9.3,9.3
46095,3.3,3.27
46097,5.9,5.88
46099,61.1,61.08
46101,12.4,12.44
46102,4.1,4.14
46103,55.3,55.29
46105,8.7,8.65
46107,7.3,7.32
46109,26.0,25.99
46111,2.8,2.82
46115,9.2,9.17
46117,5.1,5.08
46119,1.8,1.86
46121,10.1,10.1
46123,54.1,54.09
46125,12.5,12.47
46127,278.9,278.85
46129,30.7,30.66
46135,59.9,59.94
46137,0.0,-0.0
47001,71.3,71.29
47003,38.8,38.78
47005,49.6,49.56
47007,58.0,58.02
47009,43.9,43.88
47011,97.0,96.95
47013,44.2,44.23
47015,23.2,23.18
47017,129.2,129.21
47019,34.3,34.31
47021,36.2,36.2
47023,54.2,54.19
47025,102.7,102.67
47027,36.9,36.89
47029,67.6,67.62
47031,150.2,150.22
47033,19.4,19.44
47035,59.5,59.5
47037,92.1,92.05
47039,57.0,57.04
47041,55.5,55.54
47043,83.5,83.48
47045,84.2,84.22
47047,34.3,34.32
47049,41.2,41.2
47051,64.1,64.09
47053,69.1,69.09
47055,39.7,39.72
47057,12.6,12.59
47059,59.6,59.57
47061,22.9,22.92
47063,118.4,118.43
47065,108.6,108.61
47067,79.2,79.19
47069,41.4,41.42
47071,108.7,108.73
47073,33.0,32.98
47075,25.1,25.04
47077,52.0,52.0
47079,72.8,72.81
47081,19.9,19.93
47083,37.5,37.51
47085,27.1,27.1
47087,9.8,9.78
47089,63.4,63.37
47091,38.0,38.02
47093,113.2,113.2
47095,10.4,10.37
47097,63.5,63.52
47099,57.1,57.12
47101,34.8,34.76
47103,29.0,28.99
47105,23.8,23.81
47107,70.2,70.24
47109,77.7,77.66
47111,19.4,19.4
47113,149.4,149.4
47115,27.5,27.5
47117,57.4,57.4
47119,110.2,110.19
47121,25.3,25.3
47123,59.2,59.19
47125,46.1,46.13
47127,8.0,8.0
47129,35.7,35.68
47131,91.2,91.18
47133,70.6,70.57
47135,100.6,100.6
47137,25.9,25.87
47139,29.3,29.28
47141,95.2,95.21
47143,41.8,41.84
47145,57.2,57.2
47147,42.6,42.6
47149,54.3,54.32
47151,88.4,88.39
47153,31.5,31.48
47155,61.7,61.75
47157,65.3,65.28
47159,94.2,94.22
47161,15.6,15.65
47163,143.4,143.4
47165,58.5,58.5
47167,45.2,45.19
47169,31.1,31.08
47171,62.5,62.51
47173,14.7,14.69
47175,7.0,6.98
47177,56.7,56.67
47179,136.5,136.46
47181,72.5,72.49
47183,89.3,89.28
47185,28.3,28.29
47187,57.9,57.92
47189,58.9,58.91
48001,39.4,39.39
48003,19.5,19.48
48005,64.0,64.04
48007,21.4,21.42
48009,0.6,0.58
48011,8.5,8.51
48013,22.6,22.62
48015,26.2,26.18
48017,26.3,26.28
48019,10.1,10.06
48021,15.5,15.5
48023,36.8,36.79
48025,19.4,19.38
48027,58.7,58.69
48029,48.6,48.62
48031,7.4,7.44
48033,1.3,1.3
48035,11.4,11.43
48037,115.1,115.12
48039,28.8,28.8
48041,44.3,44.33
48043,23.3,23.32
48045,0.3,0.28
48047,16.3,16.29
48049,65.8,65.78
48051,18.9,18.92
48053,19.1,19.11
48055,8.4,8.36
48057,34.0,33.98
48059,10.3,10.28
48061,23.4,23.4
48063,38.6,38.6
48065,1.4,1.39
48067,49.3,49.32
48069,18.5,18.52
48071,10.5,10.52
48073,31.1,31.11
48075,70.7,70.75
48077,20.3,20.29
48079,33.9,33.9
48081,0.0,0.02
48083,20.8,20.8
48085,31.1,31.06
48087,8.7,8.71
48089,23.8,23.82
48091,37.1,37.07
48093,51.0,51.02
48095,10.3,10.29
48097,33.8,33.84
48099,16.7,16.7
48101,0.0,-0.02
48103,20.4,20.36
48105,28.9,28.88
48107,19.5,19.48
48109,86.7,86.69
48111,26.9,26.88
48113,50.8,50.79
48115,12.0,12.05
48117,6.4,6.39
48119,22.4,22.44
48121,33.7,33.71
48123,36.7,36.71
48125,0.1,0.08
48127,13.1,13.11
48129,0.6,0.59
48131,2.7,2.74
48133,14.6,14.63
48135,52.9,52.92
48137,3.3,3.32
48139,32.0,32.01
48141,30.9,30.9
48143,36.5,36.48
48145,28.3,28.31
48147,19.6,19.6
48149,65.1,65.11
48151,3.1,3.06
48153,27.0,26.99
48155,55.9,55.93
48157,21.5,21.49
48159,28.8,28.77
48161,18.0,18.03
48163,7.9,7.91
48165,24.5,24.55
48167,45.9,45.89
48169,4.0,3.97
48171,49.9,49.87
48173,0.0,-0.02
48175,5.3,5.29
48177,17.0,17.03
48179,77.2,77.17
48181,72.1,72.11
48183,114.5,114.48
48185,10.1,10.08
48187,20.6,20.58
48189,34.9,34.92
48191,13.9,13.89
48193,46.9,46.93
48195,8.4,8.38
48197,47.3,47.28
48199,21.2,21.2
48201,42.5,42.49
48203,40.7,40.7
48205,0.0,0.0
48207,7.2,7.2
48209,26.1,26.09
48211,2.6,2.63
48213,35.2,35.18
48215,20.1,20.11
48217,36.2,36.16
48219,34.6,34.61
48221,56.8,56.82
48223,44.7,44.69
48225,13.7,13.69
48227,22.8,22.79
48229,0.0,0.01
48231,32.9,32.9
48233,32.4,32.37
48235,0.0,-0.0
48237,12.3,12.34
48239,18.2,18.22
48241,28.3,28.3
48243,43.3,43.3
48245,78.7,78.7
48247,0.0,-0.02
48249,44.0,43.97
48251,40.5,40.48
48253,10.9,10.9
48255,24.1,24.11
48257,24.3,24.28
48259,28.8,28.82
48261,0.0,0.03
48263,0.0,0.06
48265,43.2,43.21
48267,24.4,24.38
48269,0.0,-0.03
48271,1.2,1.21
48273,26.2,26.18
48275,33.7,33.7
48277,63.6,63.59
48279,16.2,16.23
48281,19.9,19.89
48283,12.5,12.51
48285,12.7,12.68
48287,11.4,11.4
48289,6.2,6.21
48291,32.8,32.76
48293,36.2,36.17
48295,0.1,0.07
48297,3.3,3.32
48299,25.2,25.19
48301,0.0,-0.03
48303,95.0,94.97
48305,10.6,10.59
48307,20.3,20.31
48309,51.0,51.0
48311,0.0,-0.02
48313,21.6,21.57
48315,8.8,8.76
48317,22.0,21.99
48319,0.4,0.4
48321,35.8,35.82
48323,10.5,10.5
48325,20.1,20.08
48327,1.6,1.61
48329,29.8,29.81
48331,21.8,21.8
48333,7.1,7.09
48335,51.9,51.9
48337,37.2,37.2
48339,46.2,46.21
48341,36.5,36.51
48343,12.4,12.43
48345,0.0,0.04
48347,60.6,60.59
48349,26.6,26.63
48351,8.4,8.37
48353,27.9,27.95
48355,76.8,76.8
48357,23.0,23.0
48359,0.0,-0.02
48361,52.8,52.84
48363,30.5,30.45
48365,26.6,26.64
48367,34.3,34.33
48369,20.4,20.41
48371,20.6,20.61
48373,31.1,31.13
48375,105.3,105.35
48377,7.5,7.5
48379,1.4,1.38
48381,31.4,31.37
48383,2.7,2.71
48385,1.5,1.48
48387,74.1,74.11
48389,34.8,34.8
48391,11.2,11.21
48393,0.0,-0.01
48395,7.8,7.77
48397,50.2,50.23
48399,29.1,29.1
48401,18.7,18.69
48403,23.1,23.1
48405,35.2,35.18
48407,1.2,1.19
48409,34.2,34.18
48411,6.5,6.48
48413,18.9,18.93
48415,17.1,17.09
48417,2.8,2.81
48419,18.2,18.2
48421,0.6,0.63
48423,103.7,103.66
48425,46.9,46.88
48427,26.7,26.7
48429,22.5,22.5
48431,4.0,4.01
48433,1.9,1.91
48435,16.6,16.59
48437,7.6,7.59
48439,50.5,50.51
48441,90.6,90.58
48443,81.1,81.1
48445,17.8,17.81
48447,23.4,23.43
48449,46.4,46.36
48451,53.6,53.6
48453,44.1,44.14
48455,18.5,18.5
48457,9.5,9.52
48459,11.9,11.95
48461,6.3,6.28
48463,27.5,27.53
48465,23.3,23.29
48467,24.4,24.44
48469,70.6,70.61
48471,27.0,26.99
48473,4.3,4.35
48475,31.6,31.63
48477,29.3,29.28
48479,18.8,18.82
48481,34.5,34.48
48483,9.1,9.12
48485,83.7,83.72
48487,50.7,50.64
48489,19.8,19.79
48491,32.3,32.3
48493,16.2,16.2
48495,10.1,10.11
48497,39.4,39.37
48499,33.8,33.81
48501,15.1,15.09
48503,43.9,43.91
48505,3.8,3.82
48507,1.7,1.65
49001,77.2,77.22
49003,31.9,31.87
49005,37.0,37.0
49007,137.8,137.81
49009,1.5,1.49
49011,46.8,46.75
49013,48.4,48.35
49015,32.4,32.38
49017,57.6,57.6
49019,57.0,57.02
49021,53.1,53.11
49023,42.8,42.83
49025,56.7,56.68
49027,32.6,32.57
49029,32.3,32.34
49031,0.0,0.01
49033,10.3,10.28
49035,58.4,58.42
49037,17.2,17.17
49039,43.8,43.78
49041,77.0,77.0
49043,53.9,53.9
49045,24.6,24.61
49047,36.2,36.22
49049,41.3,41.28
49051,21.7,21.72
49053,71.9,71.92
49055,26.9,26.9
49057,58.4,58.4
50001,24.4,24.41
50003,43.6,43.59
50005,31.8,31.79
50007,42.5,42.53
50009,42.4,42.42
50011,37.2,37.21
50013,12.9,12.9
50015,36.9,36.84
50017,23.3,23.32
50019,39.9,39.89
50021,44.4,44.41
50023,35.9,35.86
50025,39.4,39.38
50027,26.2,26.22
51001,19.4,19.41
51003,46.3,46.31
51005,62.6,62.57
51007,2.7,2.73
51009,30.3,30.29
51011,40.5,40.49
51013,35.1,35.08
51015,45.0,45.01
51017,15.8,15.81
51019,18.1,18.09
51021,90.8,90.8
51023,12.2,12.16
51025,6.2,6.18
51027,66.7,66.69
51029,6.5,6.53
51031,6.4,6.38
51033,4.4,4.45
51035,48.0,47.98
51036,12.2,12.22
51037,25.2,25.21
51041,38.5,38.48
51043,19.4,19.38
51045,4.5,4.51
51047,19.7,19.7
51049,0.1,0.07
51051,97.9,97.94
51053,1.3,1.29
51057,78.9,78.89
51059,27.7,27.68
51061,34.7,34.73
51063,7.8,7.8
51065,7.3,7.3
51067,16.6,16.6
51069,4.2,4.16
51071,31.6,31.59
51073,33.9,33.89
51075,9.0,8.97
51077,10.5,10.54
51079,16.0,16.0
51081,1.5,1.51
51083,24.5,24.5
51085,50.1,50.14
51087,51.3,51.3
51089,6.4,6.41
51091,0.7,0.69
51093,13.5,13.49
51095,41.9,41.9
51097,2.2,2.19
51099,4.4,4.4
51101,7.8,7.78
51103,43.8,43.75
51105,64.4,64.42
51107,17.4,17.42
51109,9.9,9.94
51111,6.8,6.79
51113,4.7,4.71
51115,3.1,3.13
51117,48.0,48.01
51119,8.5,8.49
51121,56.2,56.21
51125,19.6,19.57
51127,16.5,16.51
51131,74.0,74.01
51133,8.0,8.02
51135,34.8,34.8
51137,19.3,19.25
51139,40.6,40.6
51141,43.5,43.52
51143,7.1,7.12
51145,15.8,15.79
51147,26.4,26.45
51149,9.3,9.32
51153,17.3,17.31
51155,45.4,45.41
51157,10.8,10.81
51159,5.0,5.02
51161,86.3,86.28
51163,17.5,17.45
51165,7.4,7.42
51167,57.2,57.23
51169,169.4,169.42
51171,22.3,22.25
51173,41.4,41.41
51175,2.2,2.22
51177,30.7,30.7
51179,18.5,18.49
51181,1.2,1.19
51183,6.0,6.03
51185,78.9,78.91
51187,21.1,21.11
51191,57.6,57.56
51193,4.0,3.97
51195,62.9,62.86
51197,42.2,42.18
51199,21.7,21.71
51510,20.2,20.2
51520,30.0,29.96
51530,27.4,27.43
51540,163.1,163.05
51550,40.7,40.7
51570,82.6,82.58
51580,54.0,54.06
51590,80.4,80.38
51595,125.1,125.09
51600,66.9,66.9
51610,29.2,29.21
51620,72.2,72.21
51630,233.0,232.98
51640,161.1,161.08
51650,32.3,32.28
51660,89.7,89.72
51670,57.2,57.21
51678,116.7,116.7
51680,104.6,104.62
51683,84.4,84.41
51685,0.0,0.0
51690,374.5,374.48
51700,61.1,61.11
51710,71.9,71.84
51720,567.9,567.92
51730,60.2,60.18
51735,5.7,5.66
51740,59.5,59.59
51750,44.0,44.01
51760,58.7,58.67
51770,84.6,84.61
51775,387.3,387.32
51790,54.4,54.41
51800,45.9,45.91
51810,44.1,44.09
51820,49.3,49.3
51830,0.0,0.01
51840,226.6,226.64
53001,17.1,17.13
53003,51.3,51.31
53005,76.6,76.58
53007,64.4,64.38
53009,51.1,51.1
53011,41.2,41.21
53013,88.9,88.9
53015,40.8,40.82
53017,19.8,19.81
53019,31.6,31.59
53021,18.4,18.39
53023,98.6,98.62
53025,36.5,36.51
53027,51.5,51.52
53029,20.9,20.9
53031,50.1,50.09
53033,39.5,39.52
53035,37.4,37.42
53037,22.9,22.89
53039,32.4,32.38
53041,40.1,40.07
53043,69.0,68.98
53045,20.0,20.03
53047,44.9,44.91
53049,18.5,18.49
53051,85.2,85.22
53053,43.9,43.91
53055,30.5,30.48
53057,59.5,59.53
53059,16.1,16.05
53061,31.7,31.68
53063,63.9,63.91
53065,52.1,52.11
53067,47.7,47.66
53069,3.6,3.62
53071,55.1,55.1
53073,44.9,44.87
53075,41.8,41.76
53077,42.4,42.38
54001,25.0,25.03
54003,35.2,35.18
54005,81.5,81.45
54007,25.7,25.74
54009,17.0,17.07
54011,130.0,130.01
54013,38.3,38.3
54015,20.9,20.89
54017,0.6,0.65
54019,27.3,27.3
54021,6.4,6.37
54023,59.9,59.88
54025,55.7,55.7
54027,18.9,18.88
54029,109.5,109.5
54031,25.6,25.62
54033,98.6,98.62
54035,23.0,22.98
54037,24.8,24.83
54039,96.9,96.92
54041,57.9,57.94
54043,25.7,25.75
54045,93.7,93.71
54047,22.7,22.7
54049,39.7,39.69
54051,61.4,61.44
54053,57.1,57.07
54055,65.3,65.3
54057,29.1,29.13
54059,69.0,68.97
54061,68.9,68.93
54063,15.6,15.58
54065,26.9,26.95
54067,57.2,57.21
54069,106.5,106.46
54071,10.7,10.74
54073,28.4,28.42
54075,15.2,15.2
54077,36.8,36.79
54079,48.1,48.1
54081,64.0,63.99
54083,52.9,52.86
54085,13.1,13.08
54087,41.8,41.82
54089,70.5,70.49
54091,27.4,27.33
54093,25.3,25.32
54095,16.0,15.98
54097,15.7,15.64
54099,12.4,12.39
54101,124.8,124.78
54103,35.3,35.3
54105,13.6,13.6
54107,78.8,78.82
54109,41.5,41.5
55001,8.5,8.52
55003,57.2,57.17
55005,43.1,43.08
55007,4.4,4.42
55009,51.4,51.41
55011,3.6,3.58
55013,25.5,25.49
55015,13.1,13.1
55017,17.5,17.52
55019,21.0,21.0
55021,35.3,35.31
55023,31.9,31.89
55025,47.1,47.09
55027,29.7,29.72
55029,30.0,29.98
55031,17.4,17.38
55033,19.9,19.88
55035,60.7,60.67
55037,18.1,18.05
55039,31.1,31.11
55041,5.6,5.63
55043,27.7,27.7
55045,40.9,40.88
55047,28.2,28.17
55049,25.5,25.53
55051,29.9,29.89
55053,14.5,14.55
55055,17.5,17.47
55057,34.6,34.64
55059,31.5,31.49
55061,13.9,13.9
55063,55.2,55.22
55065,21.1,21.1
55067,42.9,42.88
55069,26.8,26.8
55071,33.1,33.12
55073,49.5,49.52
55075,42.2,42.22
55077,4.4,4.4
55078,10.7,10.69
55079,68.2,68.17
55081,34.5,34.47
55083,15.6,15.59
55085,49.8,49.81
55087,43.0,43.0
55089,50.8,50.8
55091,25.6,25.61
55093,14.4,14.39
55095,47.2,47.21
55097,30.7,30.72
55099,29.7,29.71
55101,39.9,39.91
55103,17.3,17.26
55105,43.9,43.93
55107,16.8,16.81
55109,15.9,15.91
55111,38.2,38.2
55113,40.1,40.13
55115,16.2,16.21
55117,55.9,55.86
55119,11.3,11.28
55121,6.2,6.18
55123,26.5,26.49
55125,28.3,28.3
55127,20.3,20.31
55129,53.1,53.1
55131,26.6,26.61
55133,41.2,41.22
55135,34.4,34.39
55137,14.6,14.6
55139,45.1,45.09
55141,50.7,50.66
56001,26.2,26.16
56003,28.2,28.21
56005,40.6,40.59
56007,70.3,70.28
56009,28.7,28.72
56011,6.4,6.4
56013,48.0,48.0
56015,7.6,7.6
56017,105.5,105.46
56019,34.8,34.8
56021,53.5,53.49
56023,39.7,39.7
56025,74.2,74.2
56027,2.3,2.29
56029,59.5,59.5
56031,17.6,17.61
56033,33.5,33.5
56035,54.0,54.02
56037,70.0,70.0
56039,54.6,54.57
56041,59.5,59.55
56043,46.7,46.71
56045,4.7,4.72
